id;anbieter;kurzbeschreibung_des_angebotes;website;zeitliche_begrenzung;preis;bezirk;schlagworte
1024;"1. FC Union Berlin e.V.";"Ermäßigungen bei allen Fußballspielen im Stadion An der Alten Försterei. Das Angebot ist erhältlich bei Vorlage des berlinpass in den Union-Zeughäusern, solange der Vorrat reicht.";http://www.fc-union-berlin.de/de/;;"ab 9 Euro (je nach Verfügbarkeit der Kategorie)";Treptow-Köpenick;"Sport & Spiel, Familie"
355;"ABZ im Bürgerhaus Altglienicke";"25 % bis 35 % Ermäßigung auf den Eintrittspreis bei ausgewählten Veranstaltungen ab 5,00 Euro Eintritt (Lesungen, Konzert etc.)";http://www.buergerhaus-altglienicke.de/;;;Treptow-Köpenick;"Kultur, Konzert, Literatur & Lesungen, Senioren, Kunst, Museum & Ausstellung"
160;"ACTivity Schauspielschule";"10 Euro Ermäßigung auf die Unterrichtsgebühren";www.activityschauspielschule.de;;"siehe Homepage";Potsdam;"Theater, Bildung"
214;ACUDkino;"Ermäßigter Eintritt zu allen Kinovorstellungen"; https://acudkino.de/;;"Erwachsene 6,00 Euro, Kinder/Jugendliche bis 12 Jahre 3,50 Euro";Mitte;"Kino, Kultur, Familie"
250;"Adria Filmtheater";"Ermäßigter Eintritt Montag bis Mittwoch, zzgl. Zuschläge für 3D, Filmzuschlag, Loge/Hochparkett";www.cineplex.de;;;Steglitz-Zehlendorf;"Kino, Kultur, Familie"
658;"Ägyptisches Museum und Papyrussammlung";"freier Eintritt für alle Besucher*innen";www.egyptian-museum-berlin.com/;;"freier Eintritt";Mitte;"Kultur, Museum & Ausstellung, Bildung, Kunst"
865;"Akademie der Künste";"ermäßigter Eintritt | variiert je nach Veranstaltung";https://www.adk.de;;"3 bis 6 Euro je nach Veranstaltung";Mitte;"Kunst, Kultur, Museum & Ausstellung, Bildung"
1009;"ALBA Berlin";"coronabedingt ist das Angebot in 2021 nicht möglich";www.albaberlin.de/spielplan;"Coronabedingt für 2021 kein Angebot";;Friedrichshain-Kreuzberg;"Sport & Spiel, Familie"
895;"Alice - Museum für Kinder im FEZ-Berlin";"Ermäßigter Eintritt für Berlinpass-Inhaber*innen. Bitte an der Kasse melden.";"www.alice-museum -fuer-kinder.fez-berlin.de";;"siehe Homepage";Treptow-Köpenick;"Museum & Ausstellung, Bildung, Familie"
454;AlliiertenMuseum;"freier Eintritt";www.alliiertenmuseum.de;"kostenlose Führungen zu bestimmten Terminen";"freier Eintritt";Steglitz-Zehlendorf;"Kultur, Museum & Ausstellung, Bildung, Geschichte, Technik"
625;"Alte Nationalgalerie";"freier Eintritt";http://www.smb.museum/smb/standorte/index.php?p=2&objID=29&n=1;;"freier Eintritt";Mitte;"Kultur, Museum & Ausstellung, Bildung, Kunst"
661;"Altes Museum";"freier Eintritt";http://www.smb.museum/smb/standorte/index.php?p=2&objID=24&n=2;;"freier Eintritt";Mitte;"Kultur, Museum & Ausstellung, Bildung, Kunst"
427;"Anne Frank Zentrum";"ermäßigter Eintritt";http://www.annefrank.de;;"4 €uro";Mitte;"Kultur, Museum & Ausstellung, Bildung, Geschichte"
544;Anti-Kriegs-Museum;"freier Eintritt für alle Besucher*innen";www.anti-kriegs-museum.de/;;"freier Eintritt";Mitte;"Kultur, Museum & Ausstellung, Bildung, Geschichte"
319;"Anti-Stalking-Projekt mit Fachbereich Cyberstalking";"Kostenlose Nutzung aller Stalking-Beratungen und von Informationsveranstaltungen zu IT-Sicherheit und Stalking";www.anti-stalking-projekt.de;;;Friedrichshain-Kreuzberg;"Kultur, Bildung, Beratung"
106;"Aquadom & SEA LIFE Berlin";"Kinderpreis für Erwachsene";www.SEALIFE.de;"gültig von Montag bis Freitag ab 15 Uhr";"Bitte beachten Sie, dass Kinder unter 15 J. von einem Erwachsenen begleitet werden müssen.";Mitte;"Familie, Museum & Ausstellung, Natur & Erholung, Bildung"
685;Archenhold-Sternwarte;"Berechtigt zum Erwerb eines ermäßigten Tickets | Gilt nicht für Sonderveranstaltungen";http://www.planetarium.berlin;;"ermäßigter Eintrittspreis";Treptow-Köpenick;"Kultur, Museum & Ausstellung, Familie, Wissenschaft, Technik, Bildung"
526;"Architekturmuseum der TU";"freier Eintritt für alle Besucher*innen";www.museumsportal-berlin.de/de/museen/architekturmuseum-der-tu/;;"freier Eintritt";Charlottenburg-Wilmersdorf;"Kultur, Museum & Ausstellung, Bildung, Geschichte, Architektur"
766;"Astrid-Lindgren-Bühne im FEZ-Berlin";"ermäßigter Eintritt";astrid-lindgren-buehne.fez-berlin.de;"je nach Programm";"siehe Homepage";Treptow-Köpenick;"Kultur, Theater, Familie"
1096;"Atelier Shoyosei, Claudia Speer";"40% Ermäßigung auf Shodo - Japanische Kalligraphie Workshops";www.claudiaspeer.de;;"auf Anfrage";Steglitz-Zehlendorf;"Freizeit, Kultur, Kunst"
196;"Babylon Kreuzberg";"ermäßigter Eintritt";http://www.yorck.de/site/kinos/preise;;"An den Yorck-Kinokassen gilt von Montag bis Donnerstag ganztags und Freitag für alle regulären Kinovorstellungen mit Beginn bis 18 Uhr ein Preis in Höhe von 6,50 Euro (einschließlich der gültigen Überlängenzuschläge). Das Angebot ist nicht gültig an Feiertagen und in Sondervorstellungen wie Previews, Klassikübertragungen etc. In allen übrigen Vorführungen gilt weiterhin der ermäßigte Eintrittspreis.";Friedrichshain-Kreuzberg;"Kino, Kultur, Familie"
283;Bali-Kino;"ermäßigter Eintritt";www.balikino-berlin.de;;"Kindervorstellung 5 Euro für Erwachsene, Abendvorstellung 6,50 Euro für Erwachsene";Steglitz-Zehlendorf;"Kino, Kultur, Familie"
151;"Ballettschule Sabine Roth";"ermäßigte Kursgebühren nach Absprache";www.ballettschule-roth.de;;"siehe Homepage";Friedrichshain-Kreuzberg;"Tanz, Bildung, Kultur"
841;"Ballhaus Naunynstraße";"""3 Euro Ticket""";http://www.ballhausnaunynstrasse.de/KARTEN.9.0.html;"Aktuell geschlossen.";"An der Abendkasse nach Verfügbarkeit ab 30 Minuten vor Vorstellungsbeginn, keine Reservierungen, gilt nicht für Premieren und Sonderveranstaltungen";Friedrichshain-Kreuzberg;"Kultur, Theater, Konzert"
733;"BAR JEDER VERNUNFT";"ermäßigter Eintritt";http://www.bar-jeder-vernunft.de/;;"Berlinpass-Inhaber*innen zahlen an der Abendkasse den ermäßigten Eintrittspreis (ab 12,50 Euro).";Charlottenburg-Wilmersdorf;"Kultur, Theater, Kabarett, Konzert"
121;"Berlin Dungeon";"Bei Vorlage des Berlinpass erhalten Sie zwei Karten zum Preis von einer (nicht kombinierbar mit anderen Rabatten)";www.theDungeons.com/Berlin;"gültig von Montag bis Freitag ab 15 Uhr";"Kinder bis einschließlich 14 Jahren haben nur in Begleitung Erwachsener Zutritt. Das Berlin Dungeon wird für Kinder ab 10 Jahren empfohlen. Unter 8 Jahren gewähren wir keinen Eintritt.";Mitte;"Familie, Museum & Ausstellung, Kultur"
1021;"Berlin Recycling Volleys";"ermäßigter Eintritt in der PK 2 zu allen Heimspielen der BR Volleys im Volleyballtempel Max-Schmeling-Halle; Tickets können nach vorheriger Reservierung unter tickets@br-volleys.de am Spieltag an der Tageskasse erworben werden. Öffnung 60 Minuten vor Spielbeginn";www.berlin-recycling-volleys.de;;"5,00 €";Pankow;"Sport & Spiel, Familie"
604;"Berlin Story Bunker";"Ermäßigter Eintritt. Aktuell werden keine Gruppenbesuche durchgeführt und es herrscht Maskenpflicht.";www.BerlinStory.de;"täglich 10-19 Uhr, letzter Einlass 17.30 Uhr";"Dokumentation ""Hitler - wie konnte es geschehen"" ermäßigt 9,00 Euro, Berlin Story Museum & Ausstellung ermäßigt 4,50 Euro inkl. Audioguide";Kreuzberg;"Kultur, Museum & Ausstellung, Bildung, Geschichte, Architektur"
1030;"Berliner Bäder-Betriebe";Ermäßigungstarife;www.berlinerbaederbetriebe.de;"Hallenbäder Mo bis Fr 10 bis 20 Uhr, Sa/So, Feiertags ganztags, Freibäder täglich, Freizeitbäder täglich";"abhängig vom jeweils gültigen Tarif – zwischen 2 und 8 Euro. Mehr: https://www.berlinerbaeder.de/service/preise-tarifsatzung";"Berlin mehrere Orte";"Sport & Spiel, Familie, Natur & Erholung"
883;"Berliner Büchertisch";"20 % Rabatt auf gebrauchte Bücher, Schallplatten und CDs. Neubuchbestellungen und Bücher aus dem Webshop sind vom Angebot ausgeschlossen.  Kinder und Jugendliche bis 16 Jahre können bei jedem Besuch kostenlos ein Buch aus dem Bestand ""Ein KInd, ein Buch"" in unseren Läden und unserem Kinderbuchregal in Neukölln mitnehmen.";www.berliner-buechertisch.com;;;Friedrichshain-Kreuzberg;"Literatur & Lesungen, Kultur, Bildung"
382;"Berliner Dom";"Ermäßigter Eintritt für eine Dom-Besichtigung (Predigtkirchen, Kuppelblick, Dommuseum, Hohenzollerngruft). Der Kuppelumgang und Gruft (Sanierung) sind z.Zt. geschlossen.";http://www.berliner-dom.de;keine;"Dom-Besichtigung: 7 Euro (das Ticket gilt für einen Erwachsenen und bis zu drei Kindern unter 18 Jahren)";Mitte;"Kultur, Konzert, Familie, Geschichte, Kunst"
796;"Berliner Ensemble GmbH";"""3 Euro Ticket""";www.berliner-ensemble.de;"Für Vorstellungen am Montag, Dienstag, Mittwoch und Sonntag gibt es ein begrenztes Kontingent im Vorverkauf und an der Abendkasse, 1 Stundevor Beginn der Vorstellung, nach Verfügbarkeit. Ausgenommen sind Feiertage, Premieren, Gastspiele und Sonderveranstaltungen.";"3 Euro";Mitte;"Kultur, Theater"
391;"Berliner Festspiele";"Die Berliner Festspiele stehen für ein Kulturprogramm, das Neues sichtbar macht. Ganzjährig realisieren die Berliner Festspiele eine Vielzahl von Festivals, Ausstellungen und Einzelveranstaltungen.";www.berlinerfestspiele.de;"Als Inhaber*in des berlinpasses können Sie je nach Verfügbarkeit ein ermäßigtes Ticket für 3 Euro an der Abendkasse der jeweiligen Veranstaltung kaufen. Bitte zeigen Sie beim Kauf den entsprechenden Ausweis vor. Ausgenommen davon sind Sonder- und Gastveranstaltungen.";"3 Euro";"Berlin mehrere Orte";"Kultur, Konzert, Theater"
379;"Berliner Festspiele | Immersion";"Die Programmreihe Immersion präsentiert wegweisende künstlerische Positionen, die das klassisch gewordene Schema der Gegenüberstellung von Werk und Besucher*in, Bühne und Saal, Objekt und Betrachter*in auflösen. „Go in instead of look at“!";http://www.berlinerfestspiele.de/immersion;"Als Inhaber*in des berlinpasses können Sie je nach Verfügbarkeit ein ermäßigtes Ticket für 3 Euro an der Abendkasse der jeweiligen Veranstaltung kaufen. Bitte zeigen Sie beim Kauf den entsprechenden Ausweis vor. Ausgenommen davon sind Sonder- und Gastveranstaltungen.";"3 Euro";"Berlin mehrere Orte";"Kultur, Konzert, Museum & Ausstellung"
364;"Berliner Festspiele | Jazzfest Berlin";"Rund um stilbildende Ikonen des Jazz wie auch junge Positionen aus verschiedensten Stilrichtungen entwirft das Jazzfest Berlin ein Festivalprogramm voller kreativer Grenzgänge und kollektiver Visionen.";http://www.berlinerfestspiele.de/jazzfest;"Als Inhaber*in des berlinpasses können Sie je nach Verfügbarkeit ein ermäßigtes Ticket für 3 Euro an der Abendkasse der jeweiligen Veranstaltung kaufen. Bitte zeigen Sie beim Kauf den entsprechenden Ausweis vor. Ausgenommen davon sind Sonder- und Gastveranstaltungen.";"3 Euro";"Berlin mehrere Orte";"Kultur, Konzert"
358;"Berliner Festspiele | MaerzMusik – Festival für Zeitfragen";"MaerzMusik – Festival für Zeitfragen findet jährlich im März statt. Das Festival versteht sich als Ort für künstlerische Erfahrungen, für Begegnungen und das gemeinsame Nachdenken über unseren Umgang mit Zeit. Entwickelt aus der Perspektive des Hörens und getragen von der Musik der Gegenwart.";http://www.berlinerfestspiele.de/maerzmusik;"Als Inhaber*in des berlinpasses können Sie je nach Verfügbarkeit ein ermäßigtes Ticket für 3 Euro an der Abendkasse der jeweiligen Veranstaltung kaufen. Bitte zeigen Sie beim Kauf den entsprechenden Ausweis vor. Ausgenommen davon sind Sonder- und Gastveranstaltungen.";"3 Euro";"Berlin mehrere Orte";"Kultur, Konzert"
361;"Berliner Festspiele | Musikfest Berlin";"Das Musikfest Berlin versteht sich als ein Forum für die innovative künstlerische Arbeit der großen Orchester und Ensembles im Bereich der klassischen und modernen Musik. Es präsentiert jeden September ein ambitioniertes Festivalprogramm mit wechselnden Schwerpunkten.";http://www.berlinerfestspiele.de/musikfest;"Als Inhaber*in des berlinpasses können Sie je nach Verfügbarkeit ein ermäßigtes Ticket für 3 Euro an der Abendkasse der jeweiligen Veranstaltung kaufen. Bitte zeigen Sie beim Kauf den entsprechenden Ausweis vor. Ausgenommen davon sind Sonder- und Gastveranstaltungen.";"3 Euro";"Berlin mehrere Orte";"Kultur, Konzert"
778;"Berliner Festspiele | Theatertreffen";"Bemerkenswerte Inszenierungen des deutschsprachigen Raums sowie Arbeiten von Nachwuchskünstler*innen weltweit holt das Theatertreffen jedes Jahr im Mai nach Berlin.";http://www.berlinerfestspiele.de/theatertreffen;"Als Inhaber*in des berlinpasses können Sie je nach Verfügbarkeit ein ermäßigtes Ticket für 3 Euro an der Abendkasse der jeweiligen Veranstaltung kaufen. Bitte zeigen Sie beim Kauf den entsprechenden Ausweis vor. Ausgenommen davon sind Sonder- und Gastveranstaltungen.";"3 Euro";"Berlin mehrere Orte";"Kultur, Theater"
790;"Berliner Kriminal Theater";;http://www.kriminaltheater.de;;"25% Ermäßigung auf den regulären Eintrittspreis";Friedrichshain-Kreuzberg;"Kultur, Theater"
370;"Berliner Philharmoniker";"""3 Euro Ticket""";http://www.berliner-philharmoniker.de;"Nach Verfügbarkeit an der Abendkasse. Für Konzerte der Stiftung Berliner Philharmoniker im Kammermusiksaal und im großen Saal der Philharmonie.";"3 Euro";Mitte;"Kultur, Konzert"
985;"Berliner Rugby-Club";"Der Besuch von Bundesliga-Spielen und die Mitgliedschaft im Verein ist beitragsfrei.";http://www.berliner-rugby-club.de;;"3 Euro";Steglitz-Zehlendorf;"Sport & Spiel, Familie"
325;"Berliner Unterwelten e. V.";"Touren 1, 2, 3 und F 10 Euro, Tour M 15 Euro. Auf bereits ermäßigte Karten wird keine weitere Ermäßigung gewährt.";www.berliner-unterwelten.de;"Sonderregelung wegen Corona-Krise";;Mitte;"Kultur, Familie, Geschichte, Architektur"
907;"Berlinische Galerie Landesmuseum für Moderne Kunst, Fotografie und Architektur";"ermäßiger Eintritt";http://www.berlinischegalerie.de;;"Sonderausstellungen Eintritt 10 Euro (Tageskarte), ermäßigt 7 Euro. Jeden 1. Montag im Monat 6 Euro für alle Besucher*innen.";Friedrichshain-Kreuzberg;"Museum & Ausstellung, Kultur, Bildung, Kunst"
724;"Bezirksamt Friedrichshain-Kreuzberg von Berlin, Seniorenamt";"Kulturelle Angebote (eigene Veranstaltungen)";;;"ermäßigte Karten";Friedrichshain-Kreuzberg;"Kultur, Senioren, Konzert, Literatur & Lesungen, Museum & Ausstellung, Bildung, Kunst"
826;"Bezirksamt Lichtenberg von Berlin, Kunst- und Kulturamt";"Freier Eintritt in allen Kultureinrichtungen des Bezirkes, Ermäßigung bei Sonderverananstaltungen, Konzerten, Theateraufführungen, Workshops und Kursen (Kulturhaus Karlshorst, Galerie 100, Ratskeller Galerie, Studio im Hochhaus, Keramikatelier, Museum Lichtenberg)";http://www.berlin.de/ba-lichtenberg/freizeit/kultur/index.html;;"freier Eintritt bzw. Ermäßigungen bei Sonderveranstaltungen";Lichtenberg;"Kultur, Theater, Konzert, Bildung, Kunst, Musik"
970;"Bezirksamt Lichtenberg von Berlin, Tiefbauamt, Friedhofsverwaltung";"Ausnahmegenehmigung nach § 5 FrdhO, Befahrungsverbot für PKW von Friedhöfen, 12-monatige Fahrgenehmigung für den Zentralfriedhof Friedrichsfelde";http://www.berlin.de/ba-lichtenberg;;"16 Euro";Lichtenberg;"Natur & Erholung"
727;"Bezirksamt Tempelhof-Schöneberg, Seniorenbetreuung";"Seniorenveranstaltungen, Ausflüge";http://www.berlin.de/ba-tempelhof-schoeneberg/organisationseinheit/senioren/seniorenbetreuung.html;;"Ermäßigungen in unterschiedlicher Höhe";Tempelhof-Schöneberg;"Kultur, Senioren, Konzert, Literatur & Lesungen, Museum & Ausstellung, Bildung, Natur & Erholung, Kunst"
496;"Bezirksmuseum Marzahn-Hellersdorf";"Eintritt frei für alle Besucher*innen";www.kultur-marzahn-hellersdorf.de;;;Marzahn-Hellersdorf;"Kultur, Museum & Ausstellung, Bildung, Geschichte"
4;"Bibliotheken in Charlottenburg-Wilmersdorf";"kostenloser Leserausweis";http://www.berlin.de/ba-charlottenburg-wilmersdorf/org/bibliotheken/index.html;;"kostenloser Leseausweis";Charlottenburg-Wilmersdorf;"Bibliothek, Bildung, Literatur & Lesungen"
7;"Bibliotheken in Friedrichshain-Kreuzberg";"kostenloser Leserausweis";http://www.berlin.de/citybibliothek/;;"kostenloser Leseausweis";Friedrichshain-Kreuzberg;"Bibliothek, Bildung, Literatur & Lesungen"
10;"Bibliotheken in Lichtenberg-Hohenschönhausen";"kostenloser Leserausweis";http://www.stadtbibliothek-berlin-lichtenberg.de/;;"kostenloser Leseausweis";Lichtenberg;"Bibliothek, Bildung, Literatur & Lesungen"
13;"Bibliotheken in Marzahn-Hellersdorf";"kostenloser Leserausweis";http://www.stb-mh.de/;;"kostenloser Leseausweis";Marzahn-Hellersdorf;"Bibliothek, Bildung, Literatur & Lesungen"
16;"Bibliotheken in Mitte";"kostenloser Leserausweis";http://www.berlin.de/citybibliothek/;;"kostenloser Leseausweis";Mitte;"Bibliothek, Bildung, Literatur & Lesungen"
19;"Bibliotheken in Neukölln";"kostenloser Leserausweis";http://www.stadtbibliothek-neukoelln.de/;;"kostenloser Leseausweis";Neukölln;"Bibliothek, Bildung, Literatur & Lesungen"
22;"Bibliotheken in Pankow";"kostenloser Leserausweis";http://www.berlin.de/ba-pankow/stadtbibliothek/;;"kostenloser Leseausweis";Pankow;"Bibliothek, Bildung, Literatur & Lesungen"
25;"Bibliotheken in Reinickendorf";"kostenloser Leserausweis";http://www.stadtbibliothek-reinickendorf.de/r/bibliothek.html;;"kostenloser Leseausweis";Reinickendorf;"Bibliothek, Bildung, Literatur & Lesungen"
28;"Bibliotheken in Spandau";"kostenloser Leserausweis";http://www.stadtbibliothek-spandau.de/;;"kostenloser Leseausweis";Spandau;"Bibliothek, Bildung, Literatur & Lesungen"
31;"Bibliotheken in Steglitz-Zehlendorf";"kostenloser Leserausweis";http://www.stadtbibliothek-steglitz-zehlendorf.de/;;"kostenloser Leseausweis";Steglitz-Zehlendorf;"Bibliothek, Bildung, Literatur & Lesungen"
34;"Bibliotheken in Tempelhof-Schöneberg";"kostenloser Leserausweis";http://www.berlin.de/ba-tempelhof-schoeneberg/organisationseinheit/stadtbibliothek/index.html;;"kostenloser Leseausweis";Tempelhof-Schöneberg;"Bibliothek, Bildung, Literatur & Lesungen"
37;"Bibliotheken in Treptow-Köpenick";"kostenloser Leserausweis";http://www.sb-tk.de/;;"kostenloser Leseausweis";Treptow-Köpenick;"Bibliothek, Bildung, Literatur & Lesungen"
1093;"BKA - Berliner Kabarett Anstalt";"ermäßigter Eintritt";http://www.bka-theater.de/index.php;;"30 % Rabatt in allen Kategorien (nach Verfügbarkeit, außer bei Fremdveranstaltungen und an Silvester)";Friedrichshain-Kreuzberg;"Theater, Konzert, Kultur, Kabarett"
541;"Bockwindmühle Berlin-Marzahn";"freier Eintritt für alle Besucher*innen";www.marzahner-muehle.de;;"freier Eintritt";Marzahn-Hellersdorf;"Kultur, Museum & Ausstellung, Bildung, Geschichte"
640;"Bode Museum";"freier Eintritt";http://www.smb.museum/smb/standorte/index.php?p=2&objID=28&n=3;;"freier Eintritt";Mitte;"Kultur, Museum & Ausstellung, Bildung, Kunst"
967;"Botanischer Garten und Botanisches Museum";"Besuch zu ermäßigten Eintrittspreisen. Bei Sonderveranstaltungen gelten gesonderte Eintittspreise.";www.botanischer-garten-berlin.de;;;Steglitz-Zehlendorf;"Natur & Erholung, Museum & Ausstellung, Familie, Bildung"
145;"Britzer Garten";"Ermäßigter Eintritt, ausgenommen Veranstaltungen mit Sondereintritt";www.britzergarten.de;;"Sommersaison: 1. März - 31. Oktober: 1,50 Euro (statt 3 Euro), Wintersaison: 1. November - 28./29. Februar: 1 Euro (statt 2 Euro)";Neukölln;"Natur & Erholung, Familie, Kultur"
823;"Brotfabrik Kulturzentrum";Kino/Bühne/Galerie/Atelier;http://www.brotfabrik-berlin.de/;keine;"Es gilt jeweils der ermäßigte Preis.";Pankow;"Kultur, Theater, Kino, Konzert, Museum & Ausstellung, Kunst"
652;Brücke-Museum;"ermäßigter Eintritt, Schüler*innen haben freien Eintritt";www.bruecke-museum.de;;"4 Euro";Steglitz-Zehlendorf;"Kultur, Museum & Ausstellung, Bildung, Kunst"
580;Buchstabenmuseum;"Das Buchstabenmuseum ist weltweit das einzige Museum, das Typografie aus dem öffentlichen Raum sammelt und als Teil der Stadtgeschichte präsentiert.";www.buchstabenmuseum.de;"Donnerstag bis Sonntag 13-17 Uhr. Kostenlose Mini-Führung jeden ersten Sonntag im Monat (kein Anmeldung nötig, Teilnahme begrenzt und nur mit gültigem Ticket). Das Tragen eines Mund-/ Nasenschutzes sowie die Einhaltung der Abstandsregeln sind notwendig.";"12 Euro, ermäßigt 6,50 Euro. Keine Online-Buchung notwendig.";Mitte;"Kultur, Museum & Ausstellung, Bildung, Geschichte, Kunst"
178;Bundesplatz-Kino;"ermäßigter Eintritt";www.bundesplatz-kino.de;;"ermäßigter Eintritt 8 Euro an allen Tagen und zu allen Vorstellungen außer Mittwoch. Mittwoch ist Kinotag: 7 Euro Eintritt für alle Besucher. Kinder bis 12 Jahre generell 5 Euro.";Charlottenburg-Wilmersdorf;"Kino, Kultur, Familie"
352;"BürgerZentrum Grünau";"kulturelle Veranstaltungen";https://buergerhaus-gruenau.de/;;;Treptow-Köpenick;"Kultur, Konzert, Literatur & Lesungen, Senioren, Kunst, Museum & Ausstellung"
886;"BVG / S-Bahn";"Berlin Ticket-S - ermäßigter monatlicher Wertabschnitt";https://www.bvg.de/berlin-ticket-s;;"27,50 Euro";"Berlin mehrere Orte";"BVG / S-Bahn, Familie"
397;"C/O Berlin";"ermäßigter Eintritt";www.co-berlin.org;;"6 Euro. Eintritt für Kinder und Jugendliche bis 18 Jahre frei.";Charlottenburg-Wilmersdorf;"Kultur, Museum & Ausstellung, Bildung, Kunst"
403;"C/O Berlin";"Education Programm 50% Ermäßigung für die Junior- (6-13 Jahre) und Teens- (14-17Jahre) Workshops";www.co-berlin.org;;;Charlottenburg-Wilmersdorf;"Kultur, Museum & Ausstellung, Bildung, Kunst"
253;"Capitol Dahlem";"ermäßigter Eintritt";http://www.yorck.de/site/kinos/preise;;"An den Yorck-Kinokassen gilt von Montag bis Donnerstag ganztags und Freitag für alle regulären Kinovorstellungen mit Beginn bis 18 Uhr ein Preis in Höhe von 6,50 Euro (einschließlich der gültigen Überlängenzuschläge). Das Angebot ist nicht gültig an Feiertagen und in Sondervorstellungen wie Previews, Klassikübertragungen etc. In allen übrigen Vorführungen gilt weiterhin der ermäßigte Eintrittspreis.";Steglitz-Zehlendorf;"Kino, Kultur, Familie"
868;"Centrum Judaicum";"ermäßigter Eintritt";http://www.centrumjudaicum.de;;"Bei Vorlage des Ausweises erhalten Berlinpass-Inhaber*innen ermäßigte Preise im Museum: 4,50 Euro (statt 7,00 Euro)";Mitte;"Kultur, Museum & Ausstellung, Bildung, Kunst"
217;"Cineplex Alhambra";"Ermäßigter Eintritt Montag bis Mittwoch, zzgl. Zuschläge für 3D, Filmzuschlag, Loge/Hochparkett";www.cineplex.de;;;Mitte;"Kino, Kultur, Familie"
229;"Cineplex Neukölln in den Neukölln Arcaden";"Ermäßigter Eintritt Montag bis Mittwoch, zzgl. Zuschläge für 3D, Filmzuschlag, Loge/Hochparkett";www.cineplex.de;;;Neukölln;"Kino, Kultur, Familie"
247;"Cineplex Spandau";"Ermäßigter Eintritt Montag bis Mittwoch, zzgl. Zuschläge für 3D, Filmzuschlag, Loge/Hochparkett";www.cineplex.de;;;Spandau;"Kino, Kultur, Familie"
256;"Cineplex Titania";"Ermäßigter Eintritt Montag bis Mittwoch, zzgl. Zuschläge für 3D, Filmzuschlag, Loge/Hochparkett";www.cineplex.de;;;Steglitz-Zehlendorf;"Kino, Kultur, Familie"
487;CoachingWomen;"Coaching für Einzelpersonen zu Fragen rund um die persönliche Lebens- und/ oder Arbeitssituation. Es ist möglich ein Kurzcoaching für eine Stunde zu buchen oder für intensive Themen ein Coaching über einen längeren Zeitraum zu nutzen.";www.coachingwomen.de;"Termine nach Vereinbarung. In Coronazeit findet Coaching nur online statt, an allen Wochentagen möglich. Persönliche Treffen können Dienstag nachmittags oder Donnerstag vormittags in Friedrichshain stattfinden.";"Kurzcoaching 10 Euro. Bei Buchung weiterer Stunden ist ein individueller Sonderpreis möglich.";alle;"Beratung, Arbeit, Familie, Kommunikation"
919;Computerspielemuseum;"ermäßigter Eintritt";www.computerspielemuseum.de;"2h, Öffnungszeiten 10:00 - 20:00 Uhr";"6 Euro, Kinder bis 5 Jahre Eintritt frei";Friedrichshain-Kreuzberg;"Museum & Ausstellung, Sport & Spiel, Bildung, Technik"
502;"Daimler Contemporary Berlin";"freier Eintritt für alle Besucher*innen";art.daimler.com/sammlung/daimler-contemporary/;;"freier Eintritt";Mitte;"Kultur, Museum & Ausstellung, Bildung, Geschichte, Kunst"
871;"Dalí - Die Ausstellung am Potsdamer Platz";"ermäßigter Eintritt";http://www.daliberlin.de/;"von September bis März, jeweils Montag bis Freitag";"9,50 Euro für den ermäßigten Einzeleintritt; 12,50 Euro für das ""2 für 1""-Ticket (gültig, wenn zwei Berlinpass-Inhaber*innen zu zweit kommen)";Mitte;"Kultur, Museum & Ausstellung, Kunst"
430;"DDR Museum";"ermäßigter Eintritt";www.ddr-museum.de;;"6 Euro";Mitte;"Kultur, Museum & Ausstellung, Bildung, Geschichte"
181;"Delphi Filmpalast";"ermäßigter Eintritt";http://www.yorck.de/site/kinos/preise;;"An den Yorck-Kinokassen gilt von Montag bis Donnerstag ganztags und Freitag für alle regulären Kinovorstellungen mit Beginn bis 18 Uhr ein Preis in Höhe von 6,50 Euro (einschließlich der gültigen Überlängenzuschläge). Das Angebot ist nicht gültig an Feiertagen und in Sondervorstellungen wie Previews, Klassikübertragungen etc. In allen übrigen Vorführungen gilt weiterhin der ermäßigte Eintrittspreis.";Charlottenburg-Wilmersdorf;"Kino, Kultur, Familie"
1;"Denkmal für die ermordeten Juden Europas";"Eintritt frei für alle Besucher*innen";www.stiftung-denkmal.de;;;Mitte;"Museum & Ausstellung, Bildung, Geschichte"
385;"Der Milchsalon";;www.milchsalon.de;"Ausgefallene Konzerte werden auf einen späteren Termin verlegt, die Tickets behalten ihre Gültigkeit.";"10% Ermäßigung auf den regulären Eintrittspreis, der beträgt bei Erwachsenen 12 Euro bis 20 Euro und bei Kindern 10 Euro bis 15 Euro,  je nach Veranstaltung";Mitte;"Kultur, Konzert, Familie"
538;"Deutsch-Russisches Museum Berlin-Karlshorst";"freier Eintritt für alle Besucher*innen";www.museum-karlshorst.de;;"freier Eintritt";Lichtenberg;"Kultur, Museum & Ausstellung, Bildung, Geschichte"
295;"Deutsche Kinemathek - Museum für Film- und Fernsehen";"Mit Berlinpass ermäßigter Eintritt. Donnerstags von 16 bis 20 Uhr ist der Eintritt in die Ausstellungen für alle Besucher*innen frei.";www.deutsche-kinemathek.de;;"3 Euro";Mitte;"Kino, Museum & Ausstellung, Kultur, Familie"
694;"Deutsche Oper Berlin";"""3 Euro Ticket""";www.deutscheoperberlin.de;"An der Abendkasse, ausgenommen sind Premieren, Sonder- und Fremdveranstaltungen, keine Reservierungen";"3 Euro";Charlottenburg-Wilmersdorf;"Kultur, Oper"
601;"Deutsches Historisches Museum";"ermäßigter Eintritt";www.dhm.de;;"4 Euro; Eintritt frei für Kinder und Jugendliche bis 18 Jahren";Mitte;"Kultur, Museum & Ausstellung, Kino, Bibliothek, Bildung, Geschichte, Technik"
334;"Deutsches Spionagemuseum";"ermäßigter Eintritt";https://www.deutsches-spionagemuseum.de;;"6 Euro für Kinder, 8 Euro für Erwachsene";Mitte;"Kultur, Geschichte, Museum & Ausstellung, Bildung, Familie"
583;"Deutsches Technikmuseum inkl. Science Center Spectrum";"ermäßigter Eintritt";http://www.dtmb.de;"Ab 15 Uhr freien Eintritt für Kinder und Jugendliche bis 18 Jahren. Änderung vorbehalten";"4 Euro";Friedrichshain-Kreuzberg;"Kultur, Museum & Ausstellung, Bildung, Geschichte, Familie, Technik"
799;"Deutsches Theater Berlin";"""3 Euro Ticket""";http://www.deutschestheater.de;"An der Abendkasse, Reservierungen möglich, begrenztes Kontingent im Vorverkauf, ausgenommen sind Premieren, Sonder- und Fremdveranstaltungen";"3 Euro";Mitte;"Kultur, Theater"
337;"Dokumentationszentrum NS-Zwangsarbeit";"freier Eintritt";http://www.ns-zwangsarbeit.de;;"Eintritt, Bildungsangebote und Audioguide sind für alle Besucher*innen kostenlos.";Treptow-Köpenick;"Kultur, Geschichte, Museum & Ausstellung, Bildung"
928;"Drumtrainer Junior Music School";"Musikschule für Kinder mit Fokus auf Schlagzeugunterricht, es wird aber auch z.B. Gitarrenunterricht angeboten.";http://www.drumtrainerjunior.de/;"Einzelunterricht findet unter den Hygienebestimmungen statt. Aktuell wird der Unterricht auch über Zoom angeboten.";"20% Rabatt auf die Tarife s. Homepage";Friedrichshain-Kreuzberg;"Musik, Bildung, Familie"
124;"Dunkelrestaurant Nocti Vagus und unsicht-bar";"ermäßigter Eintritt";http://www.noctivagus.com/impressum/#http://www.noctivagus.com;;"Kinder unter 15 Jahren erhalten 50% Rabatt auf das ""Dinner in the Dark""-Menü";Pankow;"Kultur, Familie, Bildung"
1006;"Eisbären Berlin";"10% Ermäßigung auf den Normalpreis für Erwachsene / 50% Ermäßigung für Jugendliche für Spiele der Kategorie 3 und 2 bei Eishockey Heimspielen.";www.eisbaeren.de;"Coronabedingt für 2021 kein Angebot";;Friedrichshain-Kreuzberg;"Sport & Spiel, Familie"
1000;"Eissporthalle Charlottenburg";;www.berlin.de/orte/eisbahnen;;"1,60 Euro";Charlottenburg-Wilmersdorf;"Sport & Spiel, Familie"
1018;"Eisstadion Neukölln";"ermäßigter Eintritt";www.sport-in-neukoelln.de;;"1,60 Euro";Neukölln;"Sport & Spiel, Familie"
457;"Energie-Museum Berlin";"freier Eintritt | Führungen sind obligatorisch und müssen per E-Mail verabredet werden.";www.energie-museum.de;;"freier Eintritt";Steglitz-Zehlendorf;"Kultur, Museum & Ausstellung, Bildung, Geschichte, Technik"
1015;"Erika-Heß-Eisstadion Wedding";"ermäßigter Eintritt";www.berlin.de/orte/eisbahnen;;"1,60 Euro";Mitte;"Sport & Spiel, Familie"
460;"Erinnerungsstätte Notaufnahmelager Marienfelde";"freier Eintritt";www.notaufnahmelager-berlin.de;"ab 19.6.2020 Freitag bis Sonntag 11-17 Uhr";"freier Eintritt";Tempelhof-Schöneberg;"Kultur, Museum & Ausstellung, Bildung, Geschichte"
187;Eva-Lichtspiele;"ermäßigter Eintritt";www.eva-lichtspiele.de;;"5 Euro";Charlottenburg-Wilmersdorf;"Kino, Kultur, Familie"
115;"Familienfez im FEZ-Berlin";"Ermäßigter Eintritt für viele Familienaktionen. Berlinpass-Inhaber*innen bitte an der Kasse melden.";www.familienfez.fez-berlin.de;"je nach Programm";"siehe Homepage";Treptow-Köpenick;"Familie, Sport & Spiel, Kultur, Bildung"
469;Feuerwehrmuseum;"Ermäßigter Eintritt";www.feuerwehrmuseum-berlin.de;"bis November geschlossen";"2,50 Euro (statt 5 Euro)";Reinickendorf;"Kultur, Museum & Ausstellung, Bildung, Geschichte, Technik"
1084;FEZ-Badesee;"Ermäßigter Eintritt. Berlinpass-Inhaber*innen bitte an der Kasse melden.";www.baeder.fez-berlin.de;"Mai bis September s. www.fez-berlin.de";www.fez-berlin.de;Treptow-Köpenick;"Sport & Spiel, Natur & Erholung, Familie"
148;"FEZ-Berlin, Berlins beste Ferien";"Ermäßigter Eintritt für Ferienevents. Dieser entfällt für Schüler*innen, wenn die Schule das Bildungs- und Teilhabepaket in Anspruch nehmen kann. Berlinpass-Inhaber*innen bitte an der Kasse melden.";www.ferienfez.fez-berlin.de;"nach Programm, www.ferienfez.fez-berlin.de";"siehe Homepage";Treptow-Köpenick;"Sport & Spiel, Kultur, Familie"
1087;FEZ-Schwimmhalle;"Ermäßigter Eintritt.  Berlinpass-Inhaber*innen bitte an der Kasse melden.";www.baeder.fez-berlin.de;"Öffnungszeiten: www.fez-berlin.de";"3,50 Euro";Treptow-Köpenick;"Sport & Spiel, Natur & Erholung, Familie"
475;"FHXB Friedrichshain-Kreuzberg Museum";"Eintritt frei für alle Besucher*innen";www.fhxb-museum.de;;;Friedrichshain-Kreuzberg;"Kultur, Museum & Ausstellung, Bildung, Geschichte"
772;"Figurentheater Grashüpfer";"ermäßigter Eintritt für Erwachsene";www.theater-grashuepfer.de;;"siehe Homepage";Treptow-Köpenick;"Kultur, Theater, Familie"
292;"filmkunst 66";"ermäßigter Eintritt";http://filmkunst66.de/index.php?id=76&no_cache=1;;"Berlinpass-Inhaber*innen erhalten Mo-Mi, Fr und Sonntag bei Vorlage des Berlinpasses eine Ermäßigung von 1,00 Euro auf die regulären Preise; diese sind: Mo-Mi 8,00 Euro, Fr-So 9,00 Euro, an Feiertagen 9,00 Euro.";Charlottenburg-Wilmersdorf;"Kino, Kultur, Familie"
211;"Filmtheater am Friedrichshain";"ermäßigter Eintritt";http://www.yorck.de/site/kinos/preise;;"An den Yorck-Kinokassen gilt von Montag bis Donnerstag ganztags und Freitag für alle regulären Kinovorstellungen mit Beginn bis 18 Uhr ein Preis in Höhe von 6,50 Euro (einschließlich der gültigen Überlängenzuschläge). Das Angebot ist nicht gültig an Feiertagen und in Sondervorstellungen wie Previews, Klassikübertragungen etc. In allen übrigen Vorführungen gilt weiterhin der ermäßigte Eintrittspreis.";Friedrichshain-Kreuzberg;"Kino, Kultur, Familie"
532;"Forum Willy Brandt Berlin";"freier Eintritt für alle Besucher*innen";www.willy-brandt.de/forum-berlin.html;;"freier Eintritt";Friedrichshain-Kreuzberg;"Kultur, Bildung, Museum & Ausstellung, Geschichte"
679;"Freilichtmuseum Domäne Dahlem";"Gutshof und Freigelände sind außerhalb der Marktfeste und Events ohne Eintritt zugänglich. Ermäßigter Eintritt für den Museumsbesuch und die Marktfeste.";www.domaene-dahlem.de;;"3 Euro Museum, Marktfeste wechselnd (s. Webseite/Veranstaltungskalender)";Steglitz-Zehlendorf;"Kultur, Museum & Ausstellung, Natur & Erholung, Familie, Gesundheit"
232;"Freiluftkino Hasenheide";"Zuschläge für Überlängen, Festivals, Premieren entfallen. Es gibt keine Ausschlusstage. Gilt nicht für Fremdveranstaltungen.";;;"4 Euro";Neukölln;"Kino, Kultur, Familie"
199;"Freiluftkino Kreuzberg";"ermäßigter Eintritt";www.freiluftkino-berlin.de;"Saison von Mai bis September, Reservierungen nicht notwendig";"5 Euro";Friedrichshain-Kreuzberg;"Kino, Kultur, Familie"
220;"Freiluftkino Rehberge";"ermäßigter Eintritt";www.freiluftkino-berlin.de;"Saison von Mai bis September, Reservierungen nicht notwendig";"5 Euro";Mitte;"Kino, Kultur, Familie"
43;"Frieda-Beratungszentrum für Frauen";"Kostenlose Nutzung aller Beratungen, Gruppen und Abendveranstaltungen,Workshops, Lesungen,Filmabend, Ausstellungseröffnungen";www.frieda-frauenzentrum.de;;;Friedrichshain-Kreuzberg;"Bildung, Familie, Beratung"
688;Friedrichstadt-Palast;"Ticket für 3 Euro nach Verfügbarkeit";http://www.palast.berlin;"Bei entsprechender Verfügbarkeit können ab 2 Wochen vor der Vorstellung Karten auch im Vorverkauf gebucht werden (Tel. 030-2326 2326). Ausgenommen sind Sonderveranstaltungen und Veranstaltungen zwischen dem 25.12. und 31.12. Der Berlinpass muss vorgelegt werden.";"3 Euro";Mitte;"Kultur, Tanz, Theater"
262;"fsk Kino am Oranienplatz";"ermäßigter Eintritt";https://fsk-kino.peripherfilm.de;keine;"6,50 Euro  (regulärer Preis 8 Euro, ermäßigt 7 Euro)";Friedrichshain-Kreuzberg;"Kino, Kultur, Familie"
979;"Füchse Berlin";"Ermäßigter Eintritt bei Handball-Heimspielen. Aktuell coronabedingt keine Veranstaltungen.";www.fuechse-berlin.de;"Coronabedingt für 2021 kein Angebot";;Reinickendorf;"Sport & Spiel, Familie"
313;"Galerie Neurotitan";"freier Eintritt, 1  Euro Spende erwünscht";www.neurotitan.de;;"freier Eintritt";Mitte;"Kultur, Museum & Ausstellung, Kunst"
400;"Galerie Parterre Berlin";"Kostenloser Eintritt zu Ausstellungen und Veranstaltungen bei Vorlage des Berlinpasses. Bei Angebot kostenlose Führungen nach Rücksprache.";http://www.berlin.de/ba-pankow/kunstundkultur/galerie-parterre/;;;Pankow;"Kultur, Museum & Ausstellung, Bildung"
142;"Gärten der Welt";"ermäßigter Eintritt, ausgenommen Sonderveranstaltungen";www.gaertenderwelt.de;;"1. März - 31. Oktober: 3 Euro, 1. November - 28./29. Februar: 2 Euro";Marzahn-Hellersdorf;"Natur & Erholung, Familie, Kultur"
598;"Gedenkstätte Berliner Mauer";"freier Eintritt";www.berliner-mauer-gedenkstaette.de;;"freier Eintritt";Mitte;"Kultur, Museum & Ausstellung, Geschichte, Bildung"
547;"Gedenkstätte Deutscher Widerstand";"freier Eintritt für alle Besucher*innen";www.gdw-berlin.de;;"freier Eintritt";Mitte;"Kultur, Museum & Ausstellung, Bildung, Geschichte"
595;"Gedenkstätte Hohenschönhausen";"Ermäßigter Eintritt für geführten Rundgang durch die historischen Bereiche der Gedenkstätte. Der Besuch der Dauerausstellung „Inhaftiert in Hohenschönhausen“ ist kostenfrei.";http://www.stiftung-hsh.de/;;"3 Euro (für einen geführten Rundgang durch die historischen Bereiche der Gedenkstätte)";Lichtenberg;"Kultur, Museum & Ausstellung, Geschichte, Bildung"
529;"Gedenkstätte Plötzensee";"freier Eintritt für alle Besucher*innen";www.gedenkstaette-ploetzensee.de/;;"freier Eintritt";Charlottenburg-Wilmersdorf;"Kultur, Museum & Ausstellung, Bildung, Geschichte"
550;"Gedenkstätte Stille Helden";"freier Eintritt für alle Besucher*innen";www.gedenkstaette-stille-helden.de/;;"freier Eintritt";Mitte;"Kultur, Museum & Ausstellung, Bildung, Geschichte"
559;"Gedenkstätte und Museum Sachsenhausen";"freier Eintritt für alle Besucher*innen";www.stiftung-bg.de/gums/de/index.htm;;"freier Eintritt";Oranienburg;"Kultur, Museum & Ausstellung, Bildung, Geschichte"
616;Gemäldegalerie;"freier Eintritt";http://www.smb.museum/gg;;"freier Eintritt";Tempelhof-Schöneberg;"Kultur, Museum & Ausstellung, Bildung, Kunst"
910;"Georg Kolbe Museum";"ermäßigter Eintritt | Eintritt frei für alle Kinder und Jugendlichen bis 18 Jahre";http://www.georg-kolbe-museum.de/besuch/;;"5 Euro";Charlottenburg-Wilmersdorf;"Museum & Ausstellung, Kultur, Bildung, Kunst"
874;"Graphothek Berlin";"Bilder zum Ausleihen";http://www.graphothek-berlin.de/;;"Ermäßigung von 50 % auf die Jahreskarte";Reinickendorf;"Kultur, Museum & Ausstellung, Kunst"
751;"Grips Theater GmbH";"""3 Euro Ticket""";www.grips-theater.de;"""3 Euro Tickets"" sind an der Abendkasse erhältlich. Reservierungen sind nur für Vorbestellungen am selben Tag telefonisch unter 030 - 397474-77 möglich.";;Mitte;"Kultur, Theater, Familie"
901;"Gropius Bau";"Vielseitiges Ausstellungsprogramm in Zusammenarbeit mit unterschiedlichen Partnern";www.gropiusbau.de;"ab 1.8.2020 Mittwoch bis Montag 10-19 Uhr, Dienstag geschlossen. Die Kasse schließt um 18.30 Uhr.";"Ermäßigter Eintritt. Zum Schutz der Besucher*innen und Mitarbeiter*innen des Gropius Bau wurden umfassende Hygienevorkehrungen getroffen und der Zugang zu den Ausstellungen limitiert. Es wurden Zeitfenster für Besuch eingerichtet. Wir bitten alle Besucher*innen, die Ausstellungstickets vorab in unserem Onlineshop (www.gropiusbau.de/tickets) zu erwerben.";Friedrichshain-Kreuzberg;"Museum & Ausstellung, Kultur, Bildung, Kunst"
916;"Grünauer Wassersportmuseum";"freier Eintritt für alle Besucher*innen";www.wassersportmuseum-gruenau.de;;"freier Eintritt";Treptow-Köpenick;"Museum & Ausstellung, Sport & Spiel, Bildung"
310;"GSC GameScienceCenter GmbH";"ermäßigter Eintritt für Erwachsene";www.gamesciencecenter.de;;"8 Euro";Friedrichshain-Kreuzberg;"Kultur, Museum & Ausstellung, Familie"
1090;"HABA Digitalwerkstatt";"Für Berlinpass-Inhaber*innen gibt es 75% Ermäßigung auf Kursgebühren.";www.digitalwerkstatt.de;;"siehe Homepage";Mitte;"Technik, Bildung, Familie"
223;"Hackesche Höfe Kino";"Zuschläge für Überlängen, Festivals, Premieren entfallen. Es gibt keine Ausschlusstage.";http://www.hackesche-hoefe.org/Seiten/index2.html;;"4 Euro. Gilt nicht für Fremdveranstaltungen.";Mitte;"Kino, Kultur, Familie"
628;"Hamburger Bahnhof - Museum für Gegenwart - Berlin";"freier Eintritt";http://www.hamburgerbahnhof.de;;"freier Eintritt";Mitte;"Kultur, Museum & Ausstellung, Bildung, Kunst"
433;"Hanf Museum Berlin";"ermäßigter Eintritt";www.hanfmuseum.de;;"4 Euro";Mitte;"Kultur, Museum & Ausstellung, Bildung, Geschichte"
349;"Haus der Kulturen der Welt";"ermäßiger Eintritt (viele Veranstaltungen sind auch eintrittsfrei s. Homepage), montags Eintritt frei";http://www.hkw.de;;;Mitte;"Kultur, Konzert, Museum & Ausstellung, Kunst"
394;"Haus der Sinne";"ermäßigter Preis";www.hausdersinneberlin.de;;"Der Preis variiert je nach Veranstaltung.";Pankow;"Kultur, Konzert, Tanz"
568;"Haus der Wannsee-Konferenz";"freier Eintritt für alle Besucher*innen";www.ghwk.de;;"freier Eintritt";Steglitz-Zehlendorf;"Kultur, Museum & Ausstellung, Bildung, Geschichte"
154;"HAYAL - OrientalMoves - Tanzkurse im Zentrum für Orientalischen Tanz und Online";"emäßigte Kursgebühren";www.hayal-orientalmoves.de/;;"siehe Homepage";Friedrichshain-Kreuzberg;"Tanz, Bildung, Kultur"
793;"Hebbel am Ufer";"""3 Euro Ticket""";www.hebbel-am-ufer.de;"An der Abendkasse, ausgenommen sind Premieren, Sonder- und Fremdveranstaltungen, keine Reservierungen";"3 Euro";Friedrichshain-Kreuzberg;"Kultur, Theater"
808;"Heimathafen Neukölln";"Berlinpass-Inhaber*innen zahlen den ermäßigten Eintrittspreis.";http://www.heimathafen-neukoelln.de;"Die Verfügbarkeit bitte 15 Min. vor Veranstaltungsbeginn an der Abendkasse erfragen. Gilt nur bei Eigenproduktionen und solange der Vorrat reicht. Infos unter Tel. 56821333.";;Neukölln;"Kultur, Theater"
511;"Heimatmuseum Zehlendorf";"freier Eintritt für alle Besucher*innen";www.heimatmuseum-zehlendorf.de;;"freier Eintritt";Steglitz-Zehlendorf;"Kultur, Museum & Ausstellung, Bildung, Geschichte"
991;"Hertha BSC";"Ermäßigung bei allen Fußball-Heimspielen im Block 30 (ausgenommen Heimspiele gegen den FC Bayern München, Borussia Dortmund und den 1. FC Union Berlin). Das Angebot ist erhältlich bei Vorlage des Berlinpass in den offiziellen Fanshops von Hertha BSC, solange der Vorrat reicht.";http://www.herthabsc.de/de/service/fanshop/page/113----.html;;"6 Euro";Charlottenburg-Wilmersdorf;"Sport & Spiel, Familie"
1003;"Horst-Dohm-Eisstadion Wilmersdorf";"ermäßigter Eintritt";www.horst-dohm-eisstadion.de;;"1,60 Euro";Charlottenburg-Wilmersdorf;"Sport & Spiel, Familie"
274;"Il Kino";"ermäßigter Eintritt, täglich ab 9.30 Uhr geöffnet";http://ilkino.de/;;"5 Euro (Mo-Fr tagsüber) und 7 Euro (Mo-Fr ab 18.00 Uhr und Sa-So ab 15.00 Uhr)";Neukölln;"Kino, Kultur, Familie"
472;"Industriesalon Schöneweide";"ermäßigter Eintritt";http://industriesalon.de/;;"Erwachsene Berlinpass-Inhaber*innen erhalten für alle Führungen eine Ermäßigung und zahlen 5,00 Euro anstatt 10,00 Euro. Kinder mit Berlinpass zahlen 3,00 Euro. Der Eintritt in den Industriesalon ist generell frei.";Treptow-Köpenick;"Kultur, Museum & Ausstellung, Bildung, Technik, Geschichte"
994;ISTAF;"ermäßigte Tickets der Kategorie 5";www.istaf.de;"Nur buchbar über das ISTAF-Büro und im Vorfeld des ISTAF, nicht an der Tageskasse. ISTAF-Hotline: 030-30111 8666";"7,50 Euro";Charlottenburg-Wilmersdorf;"Sport & Spiel, Familie"
709;"Jagdschloss Grunewald - Stiftung Preußischer Schlösser und Gärten Berlin-Brandenburg";"freier Eintritt";https://www.spsg.de/schloesser-gaerten/objekt/jagdschloss-grunewald/;"Bitte beachten Sie die Öffnungszeiten und Hinweise vor Ort.";"freier Eintritt";Steglitz-Zehlendorf;"Kultur, Museum & Ausstellung, Geschichte, Bildung, Kunst"
424;"Jüdisches Museum";"freier Eintritt ins Museum";www.jmberlin.de;;"freier Eintritt";Friedrichshain-Kreuzberg;"Kultur, Museum & Ausstellung, Bildung, Geschichte"
418;"Jugend im Museum e. V. - Standort Charlottenburg-Wilmersdorf: Naturschutzzentrum Ökowerk, Bröhan Museum, Georg Kolbe Museum";"50% Ermäßigung auf museumspädagogische Kurse für Kinder, Jugendliche und Familien";www.jugend-im-museum.de;;;Charlottenburg-Wilmersdorf;"Kultur, Museum & Ausstellung, Natur & Erholung, Familie, Bildung, Kunst"
421;"Jugend im Museum e. V. - Standort Friedrichshain-Kreuzberg: Atelier Bunter Jacob in der Berlinischen Galerie, Tierpark Berlin, Werkbundarchiv - Museum der Dinge, JiM Werkstatt Rigaer Straße";"50% Ermäßigung auf museumspädagogische Kurse für Kinder, Jugendliche und Familien";www.jugend-im-museum.de;;;Friedrichshain-Kreuzberg;"Kultur, Museum & Ausstellung, Natur & Erholung, Familie, Bildung, Kunst"
409;"Jugend im Museum e. V. - Standort Mitte: Kindergalerie im Bodemuseum";"50% Ermäßigung auf museumspädagogische Kurse für Kinder, Jugendliche und Familien";www.jugend-im-museum.de;;;Mitte;"Kultur, Museum & Ausstellung, Familie, Bildung, Kunst"
406;"Jugend im Museum e. V. - Standort Pankow: Druckgraphik-Atelier-Hartwig";"50% Ermäßigung auf museumspädagogische Kurse für Kinder, Jugendliche und Familien";www.jugend-im-museum.de;;;Pankow;"Kultur, Museum & Ausstellung, Familie, Bildung, Kunst"
412;"Jugend im Museum e. V. - Standort Steglitz Zehlendorf: JIM-Werkstatt Hortensienstraße, Juniormuseum sowie JeverNeun";"50% Ermäßigung auf museumspädagogische Kurse für Kinder, Jugendliche und Familien";www.jugend-im-museum.de;;;Steglitz-Zehlendorf;"Kultur, Museum & Ausstellung, Familie, Bildung, Kunst"
415;"Jugend im Museum e. V. - Standort Tempelhof-Schöneberg: Kinder- und Jugendzentrum Burg";"50% Ermäßigung auf museumspädagogische Kurse für Kinder, Jugendliche und Familien";www.jugend-im-museum.de;;;Tempelhof-Schöneberg;"Kultur, Museum & Ausstellung, Familie, Bildung, Kunst"
343;"JugendKulturService gGmbH";"ermäßigter Eintritt für Familienkonzerte mit dem Berliner FamilienPass";www.jugendkulturservice.de;;"siehe Homepage";"Berlin mehrere Orte";"Kultur, Konzert, Familie"
346;"JugendKulturService gGmbH";;www.jugendkulturservice.de;;"siehe Homepage";"Berlin mehrere Orte";"Kultur, Konzert, Familie, Sport & Spiel, Kunst"
988;"JugendKulturService gGmbH";"kostenlose Schwimmkurse für Kinder mit dem Berliner FamilienPass";www.jugendkulturservice.de;;"Auskunft unter 030/23 55 62 0";"Berlin mehrere Orte";"Sport & Spiel, Familie"
898;Jugendmuseum;;www.jugendmuseum.de;;"freier Eintritt";Tempelhof-Schöneberg;"Museum & Ausstellung, Familie, Bildung, Geschichte"
877;"Kabarett - Theater Die Stachelschweine";"ermäßigter Eintritt";http://www.diestachelschweine.de/;;"13 Euro (Mo-Do) und 15 Euro (Fr/Sa/So). Das Angebot ist nur gegen Vorlage des Passes an der Abendkasse erhältlich (ab eine Stunde vor Vorstellungsbeginn) und gilt nicht für Premieren, bei Sonderveranstaltungen und an Feiertagen/Silvester. Pro Pass kann ein Ticket erworben werden. Die Gäste werden nach Maßgabe vorhandener Plätze von uns platziert.";Charlottenburg-Wilmersdorf;"Theater, Kultur, Kabarett"
340;"Kabarett-Theater DISTEL";"ermäßigter Eintritt 2 Euro.";http://www.distel-berlin.de;"Montag bis Donnerstag jeweils 2 Stunden vor Vorstellungsbeginn für alle Veranstaltungen - außer Gastspiele, Sonderveranstaltungen, Premieren und an Feiertagen. Pro Berlinpass ein Ticket erhältlich.";"2 Euro";Mitte;"Kultur, Kabarett, Theater"
820;"Kabarettclub Kookaburra";"ermäßigter Eintritt";http://www.Kabarettclub.de;;"Preis variiert je nach Veranstaltung";Pankow;"Kultur, Theater, Kabarett"
190;"Kant Kino";"ermäßigter Eintritt";http://www.yorck.de/site/kinos/preise;;"An den Yorck-Kinokassen gilt von Montag bis Donnerstag ganztags und Freitag für alle regulären Kinovorstellungen mit Beginn bis 18 Uhr ein Preis in Höhe von 6,50 Euro (einschließlich der gültigen Überlängenzuschläge). Das Angebot ist nicht gültig an Feiertagen und in Sondervorstellungen wie Previews, Klassikübertragungen etc. In allen übrigen Vorführungen gilt weiterhin der ermäßigte Eintrittspreis.";Charlottenburg-Wilmersdorf;"Kino, Kultur, Familie"
613;"Käthe-Kollwitz-Museum Berlin";"freier Eintritt";www.kaethe-kollwitz.de;"Täglich11-16 Uhr. Online-Tickets können im Voraus über die Website gebucht werden.";"freier Eintritt";Charlottenburg-Wilmersdorf;"Kultur, Museum & Ausstellung, Bildung, Kunst"
286;"Kino Arsenal";"ermäßigter Eintritt";http://www.arsenal-berlin.de;;"3 Euro pro Vorstellung; ggfs. mit Zuschlag für Klavierbegleitung: 1,50 Euro, für Überlänge ab 150 Minuten: 1,50 Euro, für Überlänge ab 210 Minuten: 2 Euro.";Mitte;"Kino, Kultur, Familie"
244;"Kino Blauer Stern";"ermäßigter Eintritt";http://www.yorck.de/site/kinos/preise;;"An den Yorck-Kinokassen gilt von Montag bis Donnerstag ganztags und Freitag für alle regulären Kinovorstellungen mit Beginn bis 18 Uhr ein Preis in Höhe von 6,50 Euro (einschließlich der gültigen Überlängenzuschläge). Das Angebot ist nicht gültig an Feiertagen und in Sondervorstellungen wie Previews, Klassikübertragungen etc. In allen übrigen Vorführungen gilt weiterhin der ermäßigte Eintrittspreis.";Pankow;"Kino, Kultur, Familie"
271;"Kino Central";"ermäßigter Eintritt";http://www.kino-central.de/;;"5 Euro";Mitte;"Kino, Kultur, Familie"
193;"Kino Cinema Paris";"ermäßigter Eintritt";http://www.yorck.de/site/kinos/preise;;"An den Yorck-Kinokassen gilt von Montag bis Donnerstag ganztags und Freitag für alle regulären Kinovorstellungen mit Beginn bis 18 Uhr ein Preis in Höhe von 6,50 Euro (einschließlich der gültigen Überlängenzuschläge). Das Angebot ist nicht gültig an Feiertagen und in Sondervorstellungen wie Previews, Klassikübertragungen etc. In allen übrigen Vorführungen gilt weiterhin der ermäßigte Eintrittspreis.";Charlottenburg-Wilmersdorf;"Kino, Kultur, Familie"
184;"Kino Delphi Lux";"ermäßigter Eintritt";http://www.yorck.de/site/kinos/preise;;"An den Yorck-Kinokassen gilt von Montag bis Donnerstag ganztags und Freitag für alle regulären Kinovorstellungen mit Beginn bis 18 Uhr ein Preis in Höhe von 6,50 Euro (einschließlich der gültigen Überlängenzuschläge). Das Angebot ist nicht gültig an Feiertagen und in Sondervorstellungen wie Previews, Klassikübertragungen etc. In allen übrigen Vorführungen gilt weiterhin der ermäßigte Eintrittspreis.";Charlottenburg-Wilmersdorf;"Kino, Kultur, Familie"
226;"Kino International";"ermäßigter Eintritt";http://www.yorck.de/site/kinos/preise;;"An den Yorck-Kinokassen gilt von Montag bis Donnerstag ganztags und Freitag für alle regulären Kinovorstellungen mit Beginn bis 18 Uhr ein Preis in Höhe von 6,50 Euro (einschließlich der gültigen Überlängenzuschläge). Das Angebot ist nicht gültig an Feiertagen und in Sondervorstellungen wie Previews, Klassikübertragungen etc. In allen übrigen Vorführungen gilt weiterhin der ermäßigte Eintrittspreis.";Mitte;"Kino, Kultur, Familie"
202;"Kino Moviemento";"ermäßigter Eintritt";www.moviemento.de;"Eintritt 5 Euro";"5 Euro";Friedrichshain-Kreuzberg;"Kino, Kultur, Familie"
235;"Kino Neues Off";"ermäßigter Eintritt";http://www.yorck.de/site/kinos/preise;;"An den Yorck-Kinokassen gilt von Montag bis Donnerstag ganztags und Freitag für alle regulären Kinovorstellungen mit Beginn bis 18 Uhr ein Preis in Höhe von 6,50 Euro (einschließlich der gültigen Überlängenzuschläge). Das Angebot ist nicht gültig an Feiertagen und in Sondervorstellungen wie Previews, Klassikübertragungen etc. In allen übrigen Vorführungen gilt weiterhin der ermäßigte Eintrittspreis.";Neukölln;"Kino, Kultur, Familie"
259;"Kino Odeon";"ermäßigter Eintritt";http://www.yorck.de/site/kinos/preise;;"An den Yorck-Kinokassen gilt von Montag bis Donnerstag ganztags und Freitag für alle regulären Kinovorstellungen mit Beginn bis 18 Uhr ein Preis in Höhe von 6,50 Euro (einschließlich der gültigen Überlängenzuschläge). Das Angebot ist nicht gültig an Feiertagen und in Sondervorstellungen wie Previews, Klassikübertragungen etc. In allen übrigen Vorführungen gilt weiterhin der ermäßigte Eintrittspreis.";Tempelhof-Schöneberg;"Kino, Kultur, Familie"
238;"Kino Passage";"ermäßigter Eintritt";http://www.yorck.de/site/kinos/preise;;"An den Yorck-Kinokassen gilt von Montag bis Donnerstag ganztags und Freitag für alle regulären Kinovorstellungen mit Beginn bis 18 Uhr ein Preis in Höhe von 6,50 Euro (einschließlich der gültigen Überlängenzuschläge). Das Angebot ist nicht gültig an Feiertagen und in Sondervorstellungen wie Previews, Klassikübertragungen etc. In allen übrigen Vorführungen gilt weiterhin der ermäßigte Eintrittspreis.";Neukölln;"Kino, Kultur, Familie"
241;"Kino Rollberg";"ermäßigter Eintritt";http://www.yorck.de/site/kinos/preise;;"An den Yorck-Kinokassen gilt von Montag bis Donnerstag ganztags und Freitag für alle regulären Kinovorstellungen mit Beginn bis 18 Uhr ein Preis in Höhe von 6,50 Euro (einschließlich der gültigen Überlängenzuschläge). Das Angebot ist nicht gültig an Feiertagen und in Sondervorstellungen wie Previews, Klassikübertragungen etc. In allen übrigen Vorführungen gilt weiterhin der ermäßigte Eintrittspreis.";Neukölln;"Kino, Kultur, Familie"
277;"Kino Toni";"ermäßigter Eintritt";http://www.kino-toni.de/;;"5 Euro";Pankow;"Kino, Kultur, Familie"
289;"Kino Union Friedrichshagen";"ermäßigter Eintritt";http://www.kino-union.de;"Gültig von Montag bis Freitag (nicht gültig an Feiertagen und bei Sonderveranstaltungen). Bei Überlängen und/oder 3D-Vorstellungen muss der jeweilige Zuschlag zugezahlt werden.";"6,50 Euro";Treptow-Köpenick;"Kino, Kultur, Familie"
205;"Kino Yorck / New Yorck";"ermäßigter Eintritt";http://www.yorck.de/site/kinos/preise;;"An den Yorck-Kinokassen gilt von Montag bis Donnerstag ganztags und Freitag für alle regulären Kinovorstellungen mit Beginn bis 18 Uhr ein Preis in Höhe von 6,50 Euro (einschließlich der gültigen Überlängenzuschläge). Das Angebot ist nicht gültig an Feiertagen und in Sondervorstellungen wie Previews, Klassikübertragungen etc. In allen übrigen Vorführungen gilt weiterhin der ermäßigte Eintrittspreis.";Friedrichshain-Kreuzberg;"Kino, Kultur, Familie"
367;"Kirche zur frohen Botschaft | Amalien-Orgel";"ermäßigter Eintritt in kostenpflichtige Konzertveranstaltungen (Tickets an der Abendkasse)";www.amalien-orgel.de;;"3 Euro";Lichtenberg;"Kultur, Konzert"
61;Klunkerkranich;"50% Ermäßigung";http://www.klunkerkranich.org;;"siehe Homepage";Neukölln;"Bildung, Kultur, Konzert"
697;"Komische Oper Berlin";"""3 Euro Ticket"" für alle Repertoire-Vorstellungen und Sinfoniekonzerte im Großen Saal (Silvestervorstellung, Gastspiele und Premieren ausgenommen) an der Abendkasse ab 30 Minuten vor Vorstellungsbeginn nach Verfügbarkeit und Vorlage des ""Berlinpass""";http://www.komische-oper-berlin.de;"Alle Repertoirevorstellungen, SinfonieKonzert und Kino-Konzert. An der Abendkasse, 30 Minuten vor Vorstellungsbeginn, keine Reservierungen";"3 Euro";Mitte;"Kultur, Oper"
373;"Konzerthaus Berlin";"""3 Euro Ticket""";www.konzerthaus.de;"An der Abendkasse, 15 Minuten vor Vorstellungsbeginn bei ausgewählten Vorstellungen. Infos dazu über die Ticket-Hotline 030-20309-2101";"3 Euro";Mitte;"Kultur, Konzert"
835;"Kulturloge Berlin JETZT KulturLeben";"Die Kulturloge Berlin vermittelt freie Kulturplätze - beispielsweise für Theater, Konzerte, Oper oder Lesungen - kostenlos an Menschen mit geringem Einkommen.";www.kulturloge-berlin.de;;"Kostenlose Tickets für unterschiedliche Veranstaltungen, vorherige Anmeldung / Registrierung erforderlich";"Berlin mehrere Orte";"Kultur, Theater, Konzert, Oper, Museum & Ausstellung, Literatur & Lesungen"
322;"Kulturring in Berlin e. V.";"teilweise kostenloser oder ermäßigter Eintritt sowie Nutzung der Medienpoints";www.kulturring.berlin;;;"Berlin mehrere Orte";"Kultur, Familie, Konzert, Oper, Literatur & Lesungen, Museum & Ausstellung, Kunst"
631;"Kunst-Werke Berlin | KW Institute for Contemporary Art";"ermäßigter Eintritt";www.kw-berlin.de;;"4 Euro; Jugendliche unter 18 Jahren freier Eintritt";Mitte;"Kultur, Museum & Ausstellung, Bildung, Kunst"
523;Kunstbibliothek;"freier Eintritt";http://www.smb.museum/kb;;"freier Eintritt";Tempelhof-Schöneberg;"Kultur, Museum & Ausstellung, Bildung, Geschichte, Kunst"
769;"Kunstfabrik Köpenick GmbH | Stadttheater Cöpenick";"ermäßigter Eintritt für Kinderveranstaltungen";http://www.kunstfabrikkoepenick.de;;"Erwachsene 6 Euro und Kinder 4 Euro";Treptow-Köpenick;"Kultur, Theater, Familie, Kunst"
619;Kunstgewerbemuseum;"freier Eintritt";http://www.smb.museum/kgm;;"freier Eintritt";Tempelhof-Schöneberg;"Kultur, Museum & Ausstellung, Bildung, Kunst"
493;"Kunstraum Kreuzberg/Bethanien";"freier Eintritt für alle Besucher*innen";www.kunstraumkreuzberg.de;;"freier Eintritt";Friedrichshain-Kreuzberg;"Kultur, Museum & Ausstellung, Bildung, Geschichte, Kunst"
622;Kupferstichkabinett;"freier Eintritt";http://www.smb.museum/kk;;"freier Eintritt";Tempelhof-Schöneberg;"Kultur, Museum & Ausstellung, Bildung, Kunst"
892;"Labyrinth Kindermuseum Berlin";"ermäßigter Eintritt freitags von 13 bis 18 Uhr";www.labyrinth-kindermuseum.de;"Das Museum und die aktuelle Ausstellung sind geschlossen. Infos zu sonstigen Angeboten/Außenaktivitäten s. Website.";"4 Euro";Mitte;"Museum & Ausstellung, Bildung, Familie"
520;"Lange Nacht der Museen";"ermäßigtes Ticket";www.lange-nacht-der-museen.de;"coronabedingt gibt es 2021 keine Ermäßigungen";"12 Euro";"Berlin mehrere Orte";"Kultur, Museum & Ausstellung, Bildung, Familie, Kunst"
976;"Lavanderia Vecchia";"Angebote - z.B. den Berlinpass-Mittagstisch -  finden Sie im Internet";http://www.lavanderiavecchia.de;;;Neukölln;"Kultur, Familie"
127;"LEGOLAND Discovery Centre Berlin";"Bei Vorlage des Berlinpass erhalten Sie ein Ticket zu je 7,00 Euro pro Person  (nicht kombinierbar mit anderen Rabatten).";www.legolanddiscoverycentre.de/Berlin;"gültig von Montag bis Freitag ab 13 Uhr (Kassenschluss 17 Uhr), bitte aktuelle Öffnungszeiten beachten s. Homepage";"7 Euro pro Person. Minderjährige müssen von einem volljährigen Erwachsenen begleitet werden und volljährige Erwachsene erhalten nur in Begleitung von mindestens einem Kind Einlass.";Mitte;"Familie, Sport & Spiel"
64;"Lernen im FEZ-Berlin";"Schüler*innen erhalten bei Vorlage des Berlinpass eine Ermäßigung. Diese entfällt, wenn die jeweilige Schule das Bildungs- und Teilhabepaket in Anspruch nehmen kann.";www.bildungsangebote.fez-berlin.de;"je nach Programm, s. www.bildungsangebote.fez-berlin.de";"siehe Homepage";Treptow-Köpenick;"Bildung, Kultur, Gesundheit, Musik, Kunst"
40;Lernwerk;"20% Rabatt für den jeweils ersten Einzel- oder Gruppenkurs";www.lernwerk.de/Berlinpass;;;Charlottenburg-Wilmersdorf;"Bildung, Familie, Beratung"
46;Lernwerk;"20% Rabatt für den jeweils ersten Einzel- oder Gruppenkurs";www.lernwerk.de/Berlinpass;;;Pankow;"Bildung, Familie, Beratung"
49;Lernwerk;"20% Rabatt für den jeweils ersten Einzel- oder Gruppenkurs";www.lernwerk.de/Berlinpass;;;Reinickendorf;"Bildung, Familie, Beratung"
52;Lernwerk;"20% Rabatt für den jeweils ersten Einzel- oder Gruppenkurs";www.lernwerk.de/Berlinpass;;;Steglitz-Zehlendorf;"Bildung, Familie, Beratung"
280;Lichtblick-Kino;"ermäßigter Eintritt";http://www.lichtblick-kino.org/;"Wegen Corona wurde die ermäßigten Preise erst einmal ausgesetzt. Neue Info folgen bei Änderung!";"7€/7,50€ bei Überlänge";Pankow;"Kino, Kultur, Familie"
649;"Liebermann-Villa am Wannsee";"ermäßigter Eintritt";www.liebermann-villa.de;;"6 Euro, Kinder bis 18 Jahren haben freien Eintritt";Steglitz-Zehlendorf;"Kultur, Museum & Ausstellung, Bildung, Kunst"
109;"Little BIG City Berlin";"Bei Vorlage des Berlinpasses erhalten Sie zwei Karten zum Preis von einer ( nicht kombinierbar mit anderen Rabatten).";www.littleBIGcityberlin.de;;"Bitte beachten Sie, dass Kinder unter 15 J. von einem Erwachsenen begleitet werden müssen.";Mitte;"Familie, Kultur, Museum & Ausstellung, Geschichte"
589;"MACHmit! Museum für Kinder";"ermäßigter Eintritt für die Ausstellung >Bücher sind Lebensmittel<";www.machmitmuseum.de;"19.08.2021 - 05.06.2022";"3,50 Euro";Pankow;"Kultur, Museum & Ausstellung, Familie"
112;"Madame Tussauds Berlin";"Bei Vorlage des Berlinpass erhalten Sie zwei Karten zum Preis von einer (nicht kombinierbar mit anderen Rabatten)";www.MadameTussauds.com/Berlin;"gültig von Montag bis Freitag ab 15 Uhr";"Bitte beachten Sie, dass Kinder unter 15 J. von einem Erwachsenen begleitet werden müssen.";Mitte;"Familie, Kultur, Museum & Ausstellung, Geschichte"
1045;"MädchenSportZentrum ""Wilde Hütte"" Neukölln";"MädchenSportZentren bieten Bewegung, Kommunikation und Bildung für Mädchen und junge Frauen. In der Kooperation mit Schulen bieten sie Schnupperangebote im Rahmen von Wandertagen, Projekttagen oder regelmäßige offene sportorientierte Angebote für Schülerinnen.";www.wilde-huette.de;"Mo - Fr. von 12:00 bis 18:00 Uhr";;Neukölln;"Sport & Spiel, Familie, Tanz, Kunst, Kultur, Natur & Erholung, Bildung"
1036;"MädchenSportZentrum Kreafithaus";"Der Mädchenklub des  Kreafithaus bietet Mädchen im Alter von 8-18 Jahren offene Freizeitangebote an. Tanzen, Klettern (Frühjahr bis Herbst), Gartentrampolin, Mini-Basketball, Kicker, Tischtennis, Kreatives, Hausaufgabenunterstützung, Ausflüge oder einfach nur da sein. Zusätzlich:  Familiengarten immer Samstag 10-13 Uhr ( Spiel, Sport und Begegnung im Garten des Hauses für Familien mit Kindern)   ";www.kreafithaus.de;"Aktuelle Öffnungszeiten: Dienstag bis Freitag 13-19 Uhr. Jeweils 13-14.30 / 14.30-16 / 16-17.30 / 17.30-19 Uhr. Eingeschränktes Angebot. Max. 6 Mädchen gleichzeitig. Bitte vorher anmelden Tel. 030 9720125.";"kostenlos, feste Kurse 1 Euro pro Termin";Lichtenberg;"Sport & Spiel, Familie, Tanz, Kunst, Kultur, Natur & Erholung, Bildung"
1063;"MädchenSportZentrum und EventCenter im Centre Talma";"Wir bieten Bewegung, Kommunikation und Bildung für Mädchen und junge Frauen und Jungs und junge Männer. In der Kooperation mit Schulen bieten wir Schnupperangebote im Rahmen von Wandertagen, Projekttagen oder regelmäßige offene sportorientierte Angebote für Schülerinnen.";centre-talma@gsj.de;;"feste Kurse, siehe website";Reinickendorf;"Sport & Spiel, Familie, Tanz, Kunst, Kultur, Natur & Erholung, Bildung"
448;"Märkisches Museum";"ermäßigter Eintritt";http://www.stadtmuseum.de;"ab 26.8.2020 wieder geöffnet.";"7 Euro / erm. 4 Euro (inkl. Audioguide), Eintritt frei für Kinder und Jugendliche bis 18 Jahre. Preisänderungen vorbehalten.";Mitte;"Kultur, Museum & Ausstellung, Bildung, Geschichte, Kunst"
436;"Mauermuseum - Museum Haus am Checkpoint Charlie";"ermäßigter Eintritt";www.mauermuseum.de;;"6,50 Euro";Mitte;"Kultur, Museum & Ausstellung, Bildung, Geschichte"
802;"Maxim Gorki Theater Berlin";"""3 Euro Ticket"", auch im Vorverkauf, Reservierungen sind möglich";www.gorki.de;"Gilt nicht für Premieren, Sonder- und Fremdveranstaltungen";"3 Euro";Mitte;"Kultur, Theater"
736;"Mehringhof Theater";"ermäßigter Eintritt für alle Vorstellungen und Gastspiele";www.mehringhoftheater.de;;;Friedrichshain-Kreuzberg;"Kultur, Theater, Kabarett, Literatur & Lesungen"
553;Mendelssohn-Remise;"freier Eintritt für alle Besucher*innen, Spende erbeten";www.mendelssohn-gesellschaft.de/ausstellung_1.php?lang=1;;"freier Eintritt";Mitte;"Kultur, Museum & Ausstellung, Bildung, Geschichte"
499;"Mitte Museum";"Aktuell geschlossen, Wiedereröffnung vorauss. Herbst 2019";www.mittemuseum.de;;;Mitte;"Kultur, Museum & Ausstellung, Bildung, Geschichte"
136;"Modellpark Berlin-Brandenburg";"ermäßigter Eintritt";www.modellparkberlin.de;;"3 Euro";Treptow-Köpenick;"Kultur, Familie, Natur & Erholung, Architektur, Geschichte"
670;"Museen Dahlem";"freier Eintritt";http://www.smb.museum/smb/standorte/index.php?p=2&objID=6370&n=10;;"freier Eintritt";Steglitz-Zehlendorf;"Kultur, Museum & Ausstellung, Bildung, Kunst"
463;"Museum  Köpenick";"freier Eintritt für alle Besucher*innen";www.berlin.de/museum-treptow-koepenick/;"Dienstag und Donnerstag 10:00 bis 18:00 Uhr| Mittwoch 10:00 bis 16:00 Uhr|Sonntag 14:00 bis 18:00 Uhr";;Treptow-Köpenick;"Kultur, Museum & Ausstellung, Bildung, Geschichte, Kunst"
643;"Museum Berggruen";"freier Eintritt";http://www.smb.museum/mb;;"freier Eintritt";Charlottenburg-Wilmersdorf;"Kultur, Museum & Ausstellung, Bildung, Kunst"
439;"Museum Blindenwerkstatt Otto Weidt";"freier Eintritt für alle Besucher*innen, kostenlose öffentliche Führung jeden Sonntag um 15.00 Uhr";http://www.museum-blindenwerkstatt.de/;"seit 7. Juni wieder täglich geöffnet 10 -18 Uhr";"freier Eintritt";Mitte;"Kultur, Museum & Ausstellung, Bildung, Geschichte"
490;"Museum Charlottenburg-Wilmersdorf in der Villa Oppenheim";"freier Eintritt für alle Besucher*innen";www.villa-oppenheim-berlin.de;;"freier Eintritt";Charlottenburg-Wilmersdorf;"Kultur, Museum & Ausstellung, Bildung, Geschichte"
574;"Museum der Staatlichen Münze Berlin";"freier Eintritt für alle Besucher*innen";www.muenze-berlin.de;;"freier Eintritt";Reinickendorf;"Kultur, Museum & Ausstellung, Bildung, Geschichte"
571;"Museum der Unerhörten Dinge";"freier Eintritt für alle Besucher*innen";www.museumderunerhoertendinge.de;"geöffnet Mittwoch bis Freitag 15-19 Uhr";"freier Eintritt";Tempelhof-Schöneberg;"Kultur, Museum & Ausstellung, Bildung, Geschichte"
586;"Museum Ephraim-Palais";"ermäßigter Eintritt";http://www.stadtmuseum.de;"Voraussichtlich bis Ende August 2021 wegen Sanierung geschlossen.";"5 Euro, jeden 1. Mittwoch im Monat Eintritt frei. Für Kinder und Jugendliche bis 18 Jahre Eintritt frei. Preisänderungen vorbehalten.";Mitte;"Kultur, Museum & Ausstellung, Familie, Kunst"
673;"Museum für Europäische Kulturen";"freier Eintritt für alle Besucher*innen";www.smb.museum/museen-und-einrichtungen/museum-europaeischer-kulturen/home.html;;"freier Eintritt";Steglitz-Zehlendorf;"Kultur, Museum & Ausstellung, Bildung, Kunst"
655;"Museum für Fotografie";"freier Eintritt";http://www.smb.museum/smb/standorte/index.php?p=2&objID=6124&n=12;;"freier Eintritt";Charlottenburg-Wilmersdorf;"Kultur, Museum & Ausstellung, Bildung, Kunst"
442;"Museum für Naturkunde Berlin";"ermäßigter Eintritt";www.museumfuernaturkunde.berlin;;"5 Euro  (während der Laufzeit von Sonderausstellungen können die Eintrittspreise abweichen). Aktuell müssen Online-Tickets gebucht werden (https://www.museumfuernaturkunde.berlin/de/museum/besucherinformationen).";Mitte;"Kultur, Museum & Ausstellung, Bildung, Geschichte, Natur & Erholung"
562;"Museum in der Kulturbrauerei";"freier Eintritt für alle Besucher*innen";www.hdg.de/berlin/museum-in-der-kulturbrauerei;;"freier Eintritt";Pankow;"Kultur, Museum & Ausstellung, Bildung, Geschichte"
451;"Museum Knoblauchhaus";"freier Eintritt, um Spenden wird gebeten";http://www.stadtmuseum.de;"Aktuell geschlossen.";;Mitte;"Kultur, Museum & Ausstellung, Bildung, Geschichte, Kunst"
478;"Museum Lichtenberg";"Eintritt in die Ausstellungen für alle Besucher*innen frei";www.museum-lichtenberg.de;;"Führungen ermäßigt";Lichtenberg;"Kultur, Museum & Ausstellung, Bildung, Geschichte"
481;"Museum Neukölln";"Eintritt frei für alle Besucher*innen, ermäßigter Eintritt bei kostenpflichtigen Veranstaltungen";www.museum-neukoelln.de;"täglich 10:00 bis 18:00 Uhr";;Neukölln;"Kultur, Museum & Ausstellung, Bildung, Geschichte"
610;"Museum Nikolaikirche";"ermäßigter Eintritt";http://www.stadtmuseum.de;"Freitag bis Sonntag 10-18 Uhr";"5 Euro, erm. 3 Euro (inkl. Audioguide), bis 18 Jahre Eintritt frei für Kinder und Jugendliche. Preisänderungen vorbehalten.";Mitte;"Kultur, Museum & Ausstellung, Konzert, Architektur"
505;"Museum Pankow";"Eintritt frei für alle Besucher*innen an den Standorten Prenzlauer Allee und Heynstraße";www.berlin.de/ba-pankow/museumsverbund/;;;Pankow;"Kultur, Museum & Ausstellung, Bildung, Geschichte"
565;"Museum Reinickendorf";"freier Eintritt für alle Besucher*innen";"www.museum -reinickendorf.de";;"freier Eintritt";Reinickendorf;"Kultur, Museum & Ausstellung, Bildung, Geschichte"
484;"Museum Treptow";"Eintritt frei für alle Besucher*innen";www.berlin.de/museum-treptow-koepenick/;"Dienstag und Donnerstag 10:00 bis 18:00 Uhr| Mittwoch 10:00 bis 16:00 Uhr|Sonntag14:00 bis 18:00 Uhr";;Treptow-Köpenick;"Kultur, Museum & Ausstellung, Bildung, Geschichte"
592;"Museumsdorf Düppel";"ermäßigter Eintritt";http://www.dueppel.de;"Donnerstag bis Sonntag 10-18 Uhr (Einhaltung der Abstands- und Hygieneregeln)";"2,50 Euro | für Kinder und Jugendliche bis 18 Jahre Eintritt frei";Steglitz-Zehlendorf;"Kultur, Museum & Ausstellung, Familie, Natur & Erholung, Geschichte, Bildung"
904;"Musikinstrumenten-Museum des Staatlichen Instituts für Musikforschung PK";"ermäßigter Eintritt";www.simpk.de;"Dienstag, Mittwoch, Freitag 9-17 Uhr; Donnerstag 9-20 UhrSamstag, Sonntag 10-17 Uhr";"3 Euro / Kinder und Jugendliche bis 18 Jahre Eintritt frei";Mitte;"Museum & Ausstellung, Kultur, Bildung, Musik"
922;"Musikschule Charlottenburg-Wilmersdorf";;http://www.berlin.de/ba-charlottenburg-wilmersdorf/org/musikschule/;;"siehe Homepage, Ermäßigung nach sozialen Gesichtspunkten auf Antragstellung";Charlottenburg-Wilmersdorf;"Musik, Bildung, Familie"
925;"Musikschule Friedrichshain-Kreuzberg";;http://ms-fk.de/Musikschule/;;"siehe Homepage, Ermäßigung nach sozialen Gesichtspunkten auf Antragstellung";Friedrichshain-Kreuzberg;"Musik, Bildung, Familie"
931;"Musikschule Lichtenberg";;http://www.musikschulelichtenberg.de/;;"siehe Homepage, Ermäßigung nach sozialen Gesichtspunkten auf Antragstellung";Lichtenberg;"Musik, Bildung, Familie"
934;"Musikschule Marzahn-Hellersdorf";;http://www.berlin.de/ba-marzahn-hellersdorf/verwaltung/bildung/fachbereichmus.html;;"siehe Homepage, Ermäßigung nach sozialen Gesichtspunkten auf Antragstellung";Marzahn-Hellersdorf;"Musik, Bildung, Familie"
937;"Musikschule Mitte";;http://www.berlin.de/ba-mitte/musikschule/;;"siehe Homepage, Ermäßigung nach sozialen Gesichtspunkten auf Antragstellung";Mitte;"Musik, Bildung, Familie"
940;"Musikschule Neukölln";;http://www.musikschuleneukoelln.de/;;"siehe Homepage, Ermäßigung nach sozialen Gesichtspunkten auf Antragstellung";Neukölln;"Musik, Bildung, Familie"
943;"Musikschule Pankow";;http://www.berlin.de/ba-pankow/musikschule/;;"siehe Homepage, Ermäßigung nach sozialen Gesichtspunkten auf Antragstellung";Pankow;"Musik, Bildung, Familie"
946;"Musikschule Reinickendorf";;http://www.musikschulereinickendorf.de/r/home.html;;"siehe Homepage, Ermäßigung nach sozialen Gesichtspunkten auf Antragstellung";Reinickendorf;"Musik, Bildung, Familie"
949;"Musikschule Spandau";;http://www.musikschule-spandau.de/;;"siehe Homepage, Ermäßigung nach sozialen Gesichtspunkten auf Antragstellung";Spandau;"Musik, Bildung, Familie"
952;"Musikschule Steglitz-Zehlendorf";;http://www.musikschule-steglitz-zehlendorf.de/;;"siehe Homepage, Ermäßigung nach sozialen Gesichtspunkten auf Antragstellung";Steglitz-Zehlendorf;"Musik, Bildung, Familie"
955;"Musikschule Tempelhof-Schöneberg";;http://www.lkms.de/;;"siehe Homepage, Ermäßigung nach sozialen Gesichtspunkten auf Antragstellung";Tempelhof-Schöneberg;"Musik, Bildung, Familie"
958;"Musikschule Treptow-Köpenick";;http://www.berlin.de/ba-treptow-koepenick/musikschule/index.html;;"siehe Homepage, Ermäßigung nach sozialen Gesichtspunkten auf Antragstellung";Treptow-Köpenick;"Musik, Bildung, Familie"
118;"Naturschutzzentrum Ökowerk Berlin e.V.";"Ermäßigung beim Kinderferienprogramm, ermäßigter Eintritt im Infozentrum WASSERLEBEN, ermäßigter Eintritt bei Festen sowie ermäßigter Mitgliedsbeitrag";www.oekowerk.de;;"siehe Homepage";Charlottenburg-Wilmersdorf;"Familie, Natur & Erholung, Bildung"
331;"Neue Gesellschaft für bildende Kunst";"freier Eintritt für alle Besucher*innen";www.ngbk.de;;"freier Eintritt";Friedrichshain-Kreuzberg;"Kultur, Museum & Ausstellung, Kunst"
634;"Neue Nationalgalerie";"freier Eintritt";http://www.smb.museum/smb/standorte/index.php?p=2&objID=31&n=14;;"freier Eintritt";Tempelhof-Schöneberg;"Kultur, Museum & Ausstellung, Bildung, Kunst"
664;"Neues Museum";"freier Eintritt";http://www.neues-museum.de;;"freier Eintritt";Mitte;"Kultur, Museum & Ausstellung, Bildung, Kunst"
850;"Neuköllner Oper";"""3 Euro Ticket""";http://www.neukoellneroper.de/index.html;"An der Abendkasse, ausgenommen sind Premieren und Fremdveranstaltungen";"3 Euro";Neukölln;"Kultur, Theater, Oper"
376;"Nikodemus Kirche Neukölln";"Ermäßigter Eintritt zu den Konzerten (Jazz, Klassik, Chor). Ausgenommen eight colours pianofestival am 1. und 2. März (mit Berlinpass 7,00 Euro).";http://art.kulturkirche-nikodemus.berlin;;"3 Euro, Kinder bis 14 Jahre freier Eintritt";Neukölln;"Kultur, Konzert"
103;"orbitall - Raumfahrtzentrum im FEZ-Berlin";"orbitall - Raumfahrt im FEZ, Familienfez ""Erlebniswelt orbitall"" Die veranstaltung ist für Menschen ab 8 Jahre geeignet. Max. Teilnehmerzahl 10.Kinder haben nur in Begleitung von einer erwachsenen Person mit eigener Eintrittskarte Zutritt zu dieser Veranstaltung";www.fez-berlin.de/;"Wochenendveranstaltung 16:30 - 18:00 Uhr";"Preis orbitall-Ticket: statt 5,50€ p.P. * 4€ p.P.";Treptow-Köpenick;"Familie, Bildung, Wissenschaft, Technik"
298;"ostbloc Bouldern";"ermäßigter Eintritt";https://www.ostbloc.de/;;"8 € statt 10 Euro";Lichtenberg;"Sport & Spiel, Familie"
445;PalaisPopulaire;"freier Eintritt";www.db-palaispopulaire.de;"Das PalaisPopulaire ist ein offenes Haus – ein zeitgemäßes und innovatives Forum, das seinen Besucherinnen und Besuchern eine spannende Mischung aus Kunst, Literatur und Musik bietet.";"freier Eintritt";Mitte;"Kultur, Museum & Ausstellung, Bildung, Kunst"
973;"PANORAMAPUNKT Potsdamer Platz";"ermäßigter Eintritt";www.panoramapunkt.de;;"6 Euro";Mitte;"Kultur, Familie, Geschichte, Architektur"
748;"Parkaue - Junges Staatstheater Berlin";"""3 Euro Ticket"" auch im Vorverkauf. Ausgenommen davon sind Sonderveranstaltungen im Rahmen von Gastspielen, bei denen nicht die Hauspreise der Parkaue gelten.";www.parkaue.de;"An der Kasse, telefonische Reservierung ist möglich unter 557 752 52";;Lichtenberg;"Kultur, Theater, Familie"
667;Pergamonmuseum;"freier Eintritt";http://www.smb.museum/smb/standorte/index.php?p=2&objID=27&n=15;;"freier Eintritt";Mitte;"Kultur, Museum & Ausstellung, Bildung, Kunst"
739;"Platypus Theater";"über 18 Jahre: ermäßigter Eintritt 3 Euro | Reservierung erbeten unter Telefon 030-61 40 19 20 oder E-Mail: bestellung@platypus-theater.de";www.platypus-theater.de;"für die Wochenendveranstaltungen";"3 Euro für Besucher über 18 Jahre";"Berlin mehrere Orte";"Kultur, Theater, Familie"
742;"Puppentheater Berlin";"ermäßigter Eintritt";www.puppentheater-berlin.de;;"5,50 Euro";Charlottenburg-Wilmersdorf;"Kultur, Theater, Familie"
208;"Radio Eins Freiluftkino Friedrichshain";"ermäßigter Eintritt";www.freiluftkino-berlin.de;"Saison von Mai bis September, Reservierungen nicht notwendig";"5 Euro";Friedrichshain-Kreuzberg;"Kino, Kultur, Familie"
265;Regenbogenkino;"ermäßigter Eintritt";http://www.regenbogenkino.de/index.html;;"4 Euro (statt 6 Euro)";Friedrichshain-Kreuzberg;"Kino, Kultur, Familie"
784;"Renaissance-Theater Berlin";"""3 Euro Ticket""";www.renaissance-theater.de;"Für Vorstellungen am Sonntag, Montag, Dienstag, Mittwoch und Donnerstag, an der Abendkasse, 30 Minuten vor Vorstellungsbeginn, ausgenommen sind Premieren, Sonder- und Fremdveranstaltungen, begrenztes Kontingent, keine Reservierungen";"3 Euro";Charlottenburg-Wilmersdorf;"Kultur, Theater"
646;"Sammlung Scharf-Gerstenberg";"freier Eintritt";http://www.smb.museum/ssg;;"freier Eintritt";Charlottenburg-Wilmersdorf;"Kultur, Museum & Ausstellung, Bildung, Kunst"
757;"Schaubude Berlin";"ermäßigter Eintritt";www.schaubude.berlin;"Solange die Theaterkasse pandemiebedingt geschlossen ist, erhalten berlinpass-Inhaber*innen ab 24 Stunden vor Vorstellungsbeginn im Online-Verkauf Restkarten für 3,50€ zzgl. Servicegebühr.";"Berlinpass-Inhaber*innen erhalten ausschließlich an der Tages-/Abendkasse Tickets für 3,00 Euro. Restkarten für alle Vorstellungen.";Pankow;"Kultur, Theater, Familie"
787;"Schaubühne am Lehniner Platz";"""3 Euro Ticket""";http://www.schaubuehne.de;"Bei Verfügbarkeit nur an der Abendkasse ab einer Stunde vor Vorstellungsbeginn, kein Vorverkauf";"3 Euro";Charlottenburg-Wilmersdorf;"Kultur, Theater"
388;"Schloss Britz";"Ermäßigter Eintrittspreis für Konzerte, Ausstellungen, Lesungen und Museumsbesuch";www.schlossbritz.de;;"ermäßigter Eintrittspreis";Neukölln;"Kultur, Konzert, Literatur & Lesungen, Museum & Ausstellung, Geschichte, Kunst"
703;"Schloss Charlottenburg - Stiftung Preußischer Schlösser und Gärten Berlin-Brandenburg";"freier Eintritt";https://www.spsg.de/schloesser-gaerten/objekt/schloss-charlottenburg-altes-schloss/;"Bitte beachten Sie die Öffnungszeiten und Hinweise vor Ort.";"freier Eintritt";Charlottenburg-Wilmersdorf;"Kultur, Natur & Erholung, Geschichte, Museum & Ausstellung, Bildung, Kunst"
712;"Schloss Glienicke - Stiftung Preußischer Schlösser und Gärten Berlin-Brandenburg";"freier Eintritt";https://www.spsg.de/schloesser-gaerten/objekt/schloss-glienicke/;"Bitte beachten Sie die Öffnungszeiten und Hinweise vor Ort.";"freier Eintritt";Steglitz-Zehlendorf;"Kultur, Museum & Ausstellung, Geschichte, Bildung, Kunst"
676;"Schloss Köpenick";"freier Eintritt";http://www.smb.museum/kgm;;"freier Eintritt";Treptow-Köpenick;"Kultur, Museum & Ausstellung, Bildung, Geschichte, Kunst"
706;"Schloss Schönhausen - Stiftung Preußischer Schlösser und Gärten Berlin-Brandenburg";"freier Eintritt";https://www.spsg.de/schloesser-gaerten/objekt/schlossgarten-schoenhausen/;"Bitte beachten Sie die Öffnungszeiten und Hinweise vor Ort.";"freier Eintritt";Pankow;"Kultur, Museum & Ausstellung, Geschichte, Bildung, Kunst"
517;"Schöneberg Museum";"Eintritt frei für alle Besucher*innen";www.museentempelhof-schoeneberg.de;;;Tempelhof-Schöneberg;"Kultur, Museum & Ausstellung, Bildung, Geschichte"
1039;"Schul- und SportJugendClub Marzahn";"Die SportJugendClubs sind regionale Jugendzentren in sozialen Brennpunkten. Sie bieten Raum für Sport, Alltags- und Lebenshilfe für junge Menschen aller Hautfarben, Religionen und Weltanschauungen. Regelmäßige und offene sportorientierte Angebote.";www.sjcmarzahn.de;;"in der Regel kostenfrei";Marzahn-Hellersdorf;"Sport & Spiel, Familie"
466;"Schwules Museum";"ermäßigter Eintritt";www.schwulesmuseum.de;;"3 Euro. Online-Tickets können gebucht werden unter schwulesmuseum.de/besuch. Aber auch spontane Besuche ohne Anmeldung sind weiter möglich, es kann aber zu Wartezeiten kommen.";Mitte;"Kultur, Museum & Ausstellung, Bildung, Geschichte"
133;SchwuZ;"ermäßigter Eintritt";www.schwuz.de;;"6 Euro";Neukölln;"Kultur, Beratung, Kunst, Tanz, Kino"
817;"Science Slam Berlin im SO36";"ermäßigter Eintritt";www.scienceslam.net;;"7 Euro pro Person";Friedrichshain-Kreuzberg;"Kultur, Theater, Wissenschaft, Bildung"
316;"Seniorenclubs in Charlottenburg-Wilmersdorf";"Ermäßigungen für Kurse und sonstige Veranstaltungen";http://www.berlin.de/ba-charlottenburg-wilmersdorf/org/senioren/seniorenclubs.html;;;Charlottenburg-Wilmersdorf;"Kultur, Bildung, Sport & Spiel, Senioren, Beratung"
982;"SG Empor Brandenburger Tor";"Heimspiele 1 . und 2. Mannschaft in 1. und 2. Badmintonbundesliga";http://www.ebt-badminton.de;;"freier Eintritt";Friedrichshain-Kreuzberg;"Sport & Spiel, Familie"
637;"Sondermuseumshallen Kulturforum";"freier Eintritt";http://www.smb.museum/smb/standorte/index.php?p=2&objID=6369&n=18;;"freier Eintritt";Tempelhof-Schöneberg;"Kultur, Museum & Ausstellung, Bildung, Kunst"
859;Sophiensäle;"ermäßigter Eintritt";http://www.sophiensaele.com/index.php;;"Inhaber*innen eines Berlinpasses erhalten nach Verfügbarkeit an der Abendkasse Tickets zum Preis von 3 Euro. Diese werden erst ab 30 Minuten vor Vorstellungsbeginn vergeben. Eine vorherige Reservierung der Tickets ist nicht möglich.";Mitte;"Kultur, Theater, Tanz, Konzert"
1054;"spok ggmbH";"kostenlose Nutzung des Outdoor-Angebotes (Tischtennis, Streetball, Laufbahn, Fußball und Spielplatz)";www.spok.de;;;Pankow;"Sport & Spiel, Familie"
1012;"Sportforum Berlin-Hohenschönhausen";"ermäßigter Eintritt";https://www.berlin.de/sen/inneres/sport/sportstaetten/sportforum/;;"1,60 Euro";Lichtenberg;"Sport & Spiel, Familie"
1072;"SportJugendClub Arena";"Die SportJugendClubs sind regionale Jugendzentren in sozialen Brennpunkten. Sie bieten Raum für Sport, Alltags- und Lebenshilfe für junge Menschen aller Hautfarben, Religionen und Weltanschauungen. Regelmäßige und offene sportorientierte Angebote.";www.sjcarena.de;;"in der Regel kostenfrei";Treptow-Köpenick;"Sport & Spiel, Familie"
1051;"SportJugendClub Buch";"Die SportJugendClubs sind regionale Jugendzentren in sozialen Brennpunkten. Sie bieten Raum für Sport, Alltags- und Lebenshilfe für junge Menschen aller Hautfarben, Religionen und Weltanschauungen. Regelmäßige und offene sportorientierte Angebote.";www.sjc-buch.de ;;"Überwiegend kostenfrei, sonst zu geringeren Konditionen";Pankow;"Sport & Spiel, Familie"
1033;"SportJugendClub Hohenschönhausen";"Die SportJugendClubs sind regionale Jugendzentren in sozialen Brennpunkten. Sie bieten Raum für Sport, Alltags- und Lebenshilfe für junge Menschen aller Hautfarben, Religionen und Weltanschauungen. Regelmäßige und offene sportorientierte Angebote.";;;"in der Regel kostenfrei";Lichtenberg;"Sport & Spiel, Familie, Beratung"
1057;"SportJugendClub Kolle 8";"Die SportJugendClubs sind regionale Jugendzentren in sozialen Brennpunkten. Sie bieten Raum für Sport, Alltags- und Lebenshilfe für junge Menschen aller Hautfarben, Religionen und Weltanschauungen. Regelmäßige und offene sportorientierte Angebote.";;;"in der Regel kostenfrei";Pankow;"Sport & Spiel, Familie"
1066;"SportJugendClub Reinickendorf";"Die SportJugendClubs sind regionale Jugendzentren in sozialen Brennpunkten. Sie bieten Raum für Sport, Alltags- und Lebenshilfe für junge Menschen aller Hautfarben, Religionen und Weltanschauungen. Regelmäßige und offene sportorientierte Angebote.";;;"in der Regel kostenfrei";Reinickendorf;"Sport & Spiel, Familie"
1042;"SportJugendClub Wedding";"Die SportJugendClubs sind regionale Jugendzentren in sozialen Brennpunkten. Sie bieten Raum für Sport, Alltags- und Lebenshilfe für junge Menschen aller Hautfarben, Religionen und Weltanschauungen. Regelmäßige und offene sportorientierte Angebote.";;;"in der Regel kostenfrei";Mitte;"Sport & Spiel, Familie"
1069;"SportJugendClub Wildwuchs";"Die SportJugendClubs sind regionale Jugendzentren in sozialen Brennpunkten. Sie bieten Raum für Sport, Alltags- und Lebenshilfe für junge Menschen aller Hautfarben, Religionen und Weltanschauungen. Regelmäßige und offene sportorientierte Angebote.";;;"in der Regel kostenfrei";Spandau;"Sport & Spiel, Familie"
1048;"SportJugendZentrum Buchholz";"Die SportJugendClubs sind regionale Jugendzentren in sozialen Brennpunkten. Sie bieten Raum für Sport, Alltags- und Lebenshilfe für junge Menschen aller Hautfarben, Religionen und Weltanschauungen. Regelmäßige und offene sportorientierte Angebote.";;;"in der Regel kostenfrei";Pankow;"Sport & Spiel, Familie"
1060;"SportJugendZentrum Lychi";"Die SportJugendClubs sind regionale Jugendzentren in sozialen Brennpunkten. Sie bieten Raum für Sport, Alltags- und Lebenshilfe für junge Menschen aller Hautfarben, Religionen und Weltanschauungen. Regelmäßige und offene sportorientierte Angebote.";;;"in der Regel kostenfrei";Pankow;"Sport & Spiel, Familie"
718;"Spree- und Havelschiffahrt";"ermäßigter Preis für das Berlin-City-Tour-Ticket";http://www.spree-havelschiffahrt.de/;;"13 Euro für Erwachsene, 5 Euro für Kinder";"Berlin mehrere Orte";"Kultur, Familie, Geschichte, Natur & Erholung, Architektur"
268;"Sputnik Kino";"ermäßiger Eintritt";https://www.sputnik-kino.com;"Mo-Do in allen Vorstellung, am Wochenende und an Feiertagen nur bei speziellen Vorstellungen";"5,50 Euro (+ ggfs. Überlängenzuschlag). Am Wochenende gelten nur die Ermäßigungen Kinderfilm (3,50 Euro) bzw. begleitende Begleitperson 5,50 Euro oder der Gildepass (1 Euro Ermäßigung auf den regulären Eintrittspreis) bzw. der Familienpass.";Friedrichshain-Kreuzberg;"Kino, Kultur, Familie"
730;"Staatsballett Berlin";"""3 Euro Ticket""";www.staatsballett-berlin.de;"Ab 30 Minuten vor Vorstellungsbeginn an der Abendkasse, sofern Restkarten verfügbar. Premieren, Gast- und Sonderveranstaltungen ausgenommen. Keine Reservierung möglich.";"3 Euro";Mitte;"Kultur, Tanz"
700;"Staatsoper Unter den Linden";"""3 Euro Ticket""";www.staatsoper-berlin.de;"An der Abendkasse, 30 Minuten vor Vorstellungsbeginn, begrenztes Kontingent, keine Reservierungen, keine Premieren, Sonder- und Fremdveranstaltungen, nicht bei F-, G-, H- und Sonderpreisen.";"3 Euro";Mitte;"Kultur, Oper"
1027;"StandUpClub Berlin";"Ermäßigte Preise beim Stand up-Paddeln. Preis variiert je nach Angebot. Bitte beachten: Der reguläre Eintrittspreis für das Badeschiff ist zusätzlich fällig.";http://standupclub.de/;"coronabedingt gibt es 2021 keine Ermäßigungen";"Berlinpass-Inhaber*innen zahlen den ermäßigten Preis, den auch Schüler*innen, Student*innen zahlen.";Friedrichshain-Kreuzberg;"Sport & Spiel, Familie, Natur & Erholung"
715;"StattReisen Berlin GmbH";"ermäßigter Preis, Kinder und Jugendliche bis 14 Jahre bei normalen Stadttouren mit Erwachsenen kostenlos; Kindertouren 6 Euro";www.stattreisenberlin.de;;;"Berlin mehrere Orte";"Kultur, Geschichte, Familie, Bildung, Architektur"
508;"Steglitz Museum";"Eintritt frei für alle Besucher*innen";www.steglitz-museum.de;;;Steglitz-Zehlendorf;"Kultur, Museum & Ausstellung, Bildung, Geschichte"
139;"Stern und Kreisschifffahrt GmbH";"15% Ermäßigung auf allen Linientouren (Havel, Spree, City) von Montag bis Freitag, außer an Feiertagen";http://www.sternundkreis.de;;;"Berlin mehrere Orte";"Natur & Erholung, Familie, Architektur, Geschichte"
913;"Stiftung Bröhan-Museum Landesmuseum für Jugendstil, Art Deco und Funktionalismus";"ermäßigter Eintritt, Kinder und Jugendliche unter 18 Jahren Eintritt frei";http://www.broehan-museum.de;;"5 Euro, es gibt die Möglichkeit Zeitfenster-Tickets zu buchen (https://www.broehan-museum.de/service/#/). Es kann aber weiterhin ein ermäßigtes Ticket an der Museumskasse erworben werden.";Charlottenburg-Wilmersdorf;"Museum & Ausstellung, Kultur, Bildung, Kunst"
1078;"Strandbad Weißensee";"ermäßigter Eintritt";www.strandbadweissensee.de;"seit 28.06.2021 wieder geöffnet Mo bis So von 10-19 Uhr, außer bei Regen und Sturm";"3,50 Euro";Pankow;"Sport & Spiel, Natur & Erholung, Familie"
1081;"Strandbad Wendenschloss";"ermäßigter Eintritt";www.strandbad-wendenschloss.berlin;keine;"Tageskarte 3,50 Euro, Sechserkarte 15 Euro";Treptow-Köpenick;"Sport & Spiel, Natur & Erholung, Familie"
847;"Studiobühne in der ""Alten Feuerwache""";"Theater- und Musikveranstaltungen, Kindertheater, Lesungen und Konzerte";www.alte-feuerwache-friedrichshain.de;;"Ermäßigungen je nach Programm s. Website";Friedrichshain-Kreuzberg;"Kultur, Theater, Konzert, Literatur & Lesungen, Familie"
301;"südbloc Bouldern";"Emäßigter Eintritt für Berlinpass-Inhaber*innen";http://suedbloc.de;;"8 Euro (statt 10 Euro)";Tempelhof-Schöneberg;"Sport & Spiel, Familie"
856;"tak Theater Aufbau Kreuzberg";"ermäßigter Eintritt";http://www.tak-berlin.de;"bis Ende 2019";"Berlinpass-Inhaber*innen erhalten gegen Vorlage des Ausweises jeweils den ermäßigten Eintrittspreis.";Friedrichshain-Kreuzberg;"Kultur, Theater, Tanz"
157;"Tanzschule ChaCha, Walzer & Co in Clärchens Ballhaus";"ermäßigte Gebühren";www.ballhaus.de/de/aktuelle-tanzkurse.html;keine;"Zehnerkarte 70 Euro";Mitte;"Tanz, Bildung, Kultur"
307;"Tchoban Foundation - Museum für Architekturzeichnung";"ermäßigter Preis";www.tchoban-foundation.de;;"3 Euro";Pankow;"Kultur, Architektur, Museum & Ausstellung, Kunst"
514;"Tempelhof Museum";"Eintritt frei für alle Besucher*innen";www.museentempelhof-schoeneberg.de;;;Tempelhof-Schöneberg;"Kultur, Museum & Ausstellung, Bildung, Geschichte"
997;"Tennis Borussia Berlin";"Ermäßigung bei Heimspielen im Mommsenstadion (Waldschulallee 34, 14055 Berlin)";www.tebe.de;;"ermäßigter Eintritt s. https://www.tebe.de/tickets/";Charlottenburg-Wilmersdorf;"Sport & Spiel, Familie"
853;"Theater im Keller";"ermäßigter Preis";http://www.travestieshow.info/;"jeden Donnerstag";"Berlinpass-Inhaber*innen zahlen auf allen Plätzen den ermäßigten Preis von 29,00 Euro anstatt 49,00 Euro.";Neukölln;"Kultur, Theater, Kabarett"
745;"Theater Jaro";"Kinderpreis für Erwachsene";www.theater-jaro.de;;"6 Euro";Charlottenburg-Wilmersdorf;"Kultur, Theater, Familie"
754;"Theater Mirakulum - Puppenkomödie Berlin";"ermäßigter Eintritt für alle Aufführungen (außer Abendprogramm): Kinder 6,50 Euro, Erwachsenen 10,50 Euro";www.mirakulum.de;;;Mitte;"Kultur, Theater, Familie"
760;"Theater o.N.";"ermäßigter Eintritt";www.theater-on.de;keine;"siehe Homepage www.theater-on.de, Erwachsenenvorstellungen (wenn nicht anders ausgewiesen): ermäßigt 7,00 Euro, Kinder- und Jugendtheatervorstellungen: Kinder 5,00 Euro, Erwachsene ermäßigt 7,00 Euro";Pankow;"Kultur, Theater, Familie"
763;"THEATER STRAHL";"""3 Euro Ticket""";www.theater-strahl.de;"Eine Stunde vor Vorstellungsbeginn erhältlich. Reservierungen sind einen Tag vor der gewünschten Vorstellung möglich.";"3 Euro";Tempelhof-Schöneberg;"Kultur, Theater, Familie"
811;"Theater Thikwa (in der gemeinsamen Spielstätte von Theater Thikwa & English Theatre Berlin)";"""3 Euro Kiulturticket""";http://www.thikwa.de;"Reservierung möglich, gilt auch für Premieren.";"3 Euro";Tempelhof-Schöneberg;"Kultur, Theater"
775;"Theater unterm Dach";"freie Theaterprojekte (Sprechtheater)";http://www.theateruntermdach-berlin.de/;;"ermäßigte Eintritte";Pankow;"Kultur, Theater, Familie"
964;"Tierpark Berlin";"ermäßigter Tageseintritt bzw. ermäßigte Jahreskarten für Berlinpass-Inhaber*innen";www.tierpark-berlin.de;"Montag bis Freitag (Wochenenden und Feiertage ausgenommen) gilt eine zusätzliche Vergünstigung";"siehe tierpark-berlin.de/ticket";Lichtenberg;"Natur & Erholung, Familie, Bildung, Museum & Ausstellung"
844;"Tipi am Kanzleramt";"ermäßigter Eintritt, je nach Veranstaltung";http://www.tipi-am-kanzleramt.de/;;fhoefekino;Mitte;"Kultur, Theater, Konzert, Kabarett"
535;"Topographie des Terrors";"freier Eintritt für alle Besucher*innen";www.topographie.de/;;"freier Eintritt";Friedrichshain-Kreuzberg;"Kultur, Museum & Ausstellung, Bildung, Geschichte"
556;Tränenpalast;"freier Eintritt für alle Besucher*innen";www.hdg.de/berlin/traenenpalast/;;"freier Eintritt";Mitte;"Kultur, Museum & Ausstellung, Bildung, Geschichte"
1075;"Trybe Dance Studio Berlin";"Trybe Dance Studio ist die neue Tanzschule in Berlin Mitte. Trybe steht für Integration, Austausch, Lernen und Community. Wir begrüßen alle Altersgruppen in unserem Studio und bieten ein breites Angebot an Stilen, wie Ballett, Contemporary, HipHop, Urban Afro, Jazz und viele mehr an. ";http://www.trybedancestudio.com;;"Einzelstunde 8 Euro, Probestunde 5 Euro, monatl. Mitgliedschaft: 1x pro Woche 35 Euro, 2x pro Woche 50 Euro";Mitte;"Sport & Spiel, Tanz, Familie"
304;"tuesday coworking space berlin";"ermäßigte Angebote  - 10% Nachlass";www.tuesdaycoworking.com;;;"Tempelhof-Schöneberg| Wilmersdorf";"Kultur, Arbeit, Kommunikation"
829;ufaFabrik;;www.ufafabrik.de;"Sonder- und Kinderveranstaltungen und Vermietungen sind von den Ermäßigungen ausgenommen.";;Tempelhof-Schöneberg;"Kultur, Theater, Konzert, Kabarett, Literatur & Lesungen, Familie, Bildung"
862;"Urania Berlin";"ermäßigter Preis";http://www.urania.de/;"coronabedingt gibt es 2021 keine Ermäßigungen";"Berlinpass-Inhaber*innen zahlen gegen Vorlage des Passes den ermäßigten Preis, den Schwerbehinderte, Pensionäre bzw. Renter*innen zahlen.";Tempelhof-Schöneberg;"Kultur, Bildung, Wissenschaft"
781;Vaganten-Bühne;"Ermäßigte Eintrittskarten";www.vaganten.de;;"Berlinpass-Inhaber*innen erhalten an der Vagantenbühne auschließlich an der Abendkasse gegen Vorlage des Berechtigungsnachweis Karten zu 8,- Euro. Ausgenommen von dieser Regelung sind die Stücke MENSCHEN IM HOTEL und DER UNTERTAN sowie Sonderveranstaltungen, hier gelten die regulären Ermäßigungspreise.";Charlottenburg-Wilmersdorf;"Kultur, Theater"
805;Volksbühne;"""3 Euro Ticket""";http://www.volksbuehne.berlin;"Alle Repertoirevorstellungen im Großen Haus, an der Abendkasse, keine Reservierungen";"3 Euro";Mitte;"Kultur, Theater"
67;"Volkshochschule Charlottenburg-Wilmersdorf";"Entgeltermäßigungen in Höhe von 50 %, Ausführungsvorschriften über Entgelte der Volkshochschulen finden Sie bei den einzelnen Angeboten.";http://www.vhs-city-west.de/;;"siehe Homepage";Charlottenburg-Wilmersdorf;"Bildung, Kultur, Kunst, Gesundheit, Musik, Sport & Spiel, VHS"
70;"Volkshochschule Friedrichshain-Kreuzberg";"Entgeltermäßigungen in Höhe von 50 %, Ausführungsvorschriften über Entgelte der Volkshochschulen finden Sie bei den einzelnen Angeboten.";http://www.vhs-friedrichshain-kreuzberg.de/;;"siehe Homepage";Friedrichshain-Kreuzberg;"Bildung, Kultur, Kunst, Gesundheit, Musik, Sport & Spiel, VHS"
73;"Volkshochschule Lichtenberg";"Entgeltermäßigungen in Höhe von 50 %, Ausführungsvorschriften über Entgelte der Volkshochschulen finden Sie bei den einzelnen Angeboten.";http://www.berlin.de/vhs-lichtenberg/;;"siehe Homepage";Lichtenberg;"Bildung, Kultur, Kunst, Gesundheit, Musik, Sport & Spiel, VHS"
76;"Volkshochschule Marzahn-Hellersdorf";"Entgeltermäßigungen in Höhe von 50 %, Ausführungsvorschriften über Entgelte der Volkshochschulen finden Sie bei den einzelnen Angeboten.";http://www.berlin.de/vhs-marzahn-hellersdorf/;;"siehe Homepage";Marzahn-Hellersdorf;"Bildung, Kultur, Kunst, Gesundheit, Musik, Sport & Spiel, VHS"
79;"Volkshochschule Mitte";"Entgeltermäßigungen in Höhe von 50 %, Ausführungsvorschriften über Entgelte der Volkshochschulen finden Sie bei den einzelnen Angeboten.";http://www.berlin.de/ba-mitte/city-vhs/;;"siehe Homepage";Mitte;"Bildung, Kultur, Kunst, Gesundheit, Musik, Sport & Spiel, VHS"
82;"Volkshochschule Neukölln";"Entgeltermäßigungen in Höhe von 50 %, Ausführungsvorschriften über Entgelte der Volkshochschulen finden Sie bei den einzelnen Angeboten.";http://www.berlin.de/ba-neukoelln/vhs/;;"siehe Homepage";Neukölln;"Bildung, Kultur, Kunst, Gesundheit, Musik, Sport & Spiel, VHS"
85;"Volkshochschule Pankow";"Entgeltermäßigungen in Höhe von 50 %, Ausführungsvorschriften über Entgelte der Volkshochschulen finden Sie bei den einzelnen Angeboten.";http://www.berlin.de/vhs-pankow/;;"siehe Homepage";Pankow;"Bildung, Kultur, Kunst, Gesundheit, Musik, Sport & Spiel, VHS"
88;"Volkshochschule Reinickendorf";"Entgeltermäßigungen in Höhe von 50 %, Ausführungsvorschriften über Entgelte der Volkshochschulen finden Sie bei den einzelnen Angeboten.";http://www.berlin.de/vhs-reinickendorf/;;"siehe Homepage";Reinickendorf;"Bildung, Kultur, Kunst, Gesundheit, Musik, Sport & Spiel, VHS"
91;"Volkshochschule Spandau";"Entgeltermäßigungen in Höhe von 50 %, Ausführungsvorschriften über Entgelte der Volkshochschulen finden Sie bei den einzelnen Angeboten.";http://www.vhs-spandau.de/;;"siehe Homepage";Spandau;"Bildung, Kultur, Kunst, Gesundheit, Musik, Sport & Spiel, VHS"
94;"Volkshochschule Steglitz-Zehlendorf";"Entgeltermäßigungen in Höhe von 50 %, Ausführungsvorschriften über Entgelte der Volkshochschulen finden Sie bei den einzelnen Angeboten.";http://www.berlin.de/vhs-steglitz-zehlendorf/;;"siehe Homepage";Steglitz-Zehlendorf;"Bildung, Kultur, Kunst, Gesundheit, Musik, Sport & Spiel, VHS"
97;"Volkshochschule Tempelhof-Schöneberg";"Entgeltermäßigungen in Höhe von 50 %, Ausführungsvorschriften über Entgelte der Volkshochschulen finden Sie bei den einzelnen Angeboten.";http://www.berlin.de/ba-tempelhof-schoeneberg/vhs/;;"siehe Homepage";Tempelhof-Schöneberg;"Bildung, Kultur, Kunst, Gesundheit, Musik, Sport & Spiel, VHS"
100;"Volkshochschule Treptow-Köpenick";"Entgeltermäßigungen in Höhe von 50 %, Ausführungsvorschriften über Entgelte der Volkshochschulen finden Sie bei den einzelnen Angeboten.";http://www.berlin.de/vhs-treptow-koepenick/;;"siehe Homepage";Treptow-Köpenick;"Bildung, Kultur, Kunst, Gesundheit, Musik, Sport & Spiel, VHS"
832;WABE;"ermäßigter Eintritt auf ausgewiesene Veranstaltungen";http://www.wabe-berlin.de;;"ermäßigte Eintritte";Pankow;"Kultur, Theater, Konzert, Literatur & Lesungen, Tanz, Kabarett"
130;"Waldhochseilgarten Jungfernheide";"Berlinpass-Inhaber*innen erhalten 10% auf den regulären Preis."; www.waldhochseilgarten-jungfernheide.de;;"siehe Homepage";Charlottenburg-Wilmersdorf;"Sport & Spiel, Familie, Natur & Erholung, Gesundheit"
721;"Waldschule Grunewald mit Waldmuseum";"ermäßigter Eintritt";http://www.waldmuseum-waldschule.de;;"1 Euro für den Museumsbesuch";Charlottenburg-Wilmersdorf;"Kultur, Museum & Ausstellung, Bildung, Natur & Erholung"
577;"Werkbundarchiv - Museum der Dinge";"freier Eintritt";www.museumderdinge.de;;"freier Eintritt";Friedrichshain-Kreuzberg;"Kultur, Museum & Ausstellung, Bildung, Geschichte, Kunst"
691;"Werkstatt der Kulturen";"ermäßigter Preis";http://www.werkstatt-der-kulturen.de;"An der Abendkasse, 30 Minuten vor Veranstaltungsbeginn";"5 Euro";Mitte;"Kultur, Konzert, Theater"
58;"Wilhelm-Foerster-Sternwarte und Planetarium";"Ermäßigung auf den regulären Eintrittspreis für alle Standardveranstaltungen";http://www.planetarium.berlin;;"ermäßigter Eintrittspreis";Tempelhof-Schöneberg;"Bildung, Familie, Kultur, Wissenschaft"
55;"Wilhelm-Forster-Sternwarte und Planetarium am Insulaner";"Berechtigt zum Erwerb eines ermäßigten Tickets | Gilt nicht für Sonderveranstaltungen";www.planetarium.berlin;;"ermäßigter Eintrittspreis";Tempelhof-Schöneberg;"Bildung, Familie, Kultur, Kino, Wissenschaft"
814;"Wintergarten Berlin";"ermäßigter Eintritt an der Abendkasse buchbar 30 Min. vor Showbeginn";www.wintergarten-berlin.de;"ausser November,Dezember, sowie Sondervorstellungen";"29 Euro (PK 1 od. 2) nach Verfügbarkeit";Tempelhof-Schöneberg;"Kultur, Theater, Tanz, Kabarett"
880;"Zaubertheater Igor Jedlin";"ermäßigter Preis";http://www.zaubertheater.de/;;"Kinder bis 11 Jahre zahlen nur 5,60 Euro statt 7,00 Euro.";Charlottenburg-Wilmersdorf;"Kultur, Theater, Familie"
838;Zebrano-Theater;"ermäßigter Preis";http://www.zebrano-theater.de;"keine zeitliche Begrenzung und Preis je nach Programm, siehe: www.zebrano-theater.de";;Friedrichshain-Kreuzberg;"Kultur, Theater, Konzert"
682;Zeiss-Großplanetarium;"Berechtigt zum Erwerb eines ermäßigten Tickets | Gilt nicht für Sonderveranstaltungen";http://www.planetarium.berlin;;"ermäßigter Eintrittspreis";Pankow;"Kultur, Familie, Kino, Museum & Ausstellung, Wissenschaft, Technik, Bildung"
175;"Zentrum für Familienplanung Steglitz-Zehlendorf, Rubensstraße 125, Haus 30 4. Etage, 12157 Berlin";"Berlinpass-Inhaber*innen können kostenfrei diverse Beratungsangebote in Anspruch nehmen s. http://www.steglitz-zehlendorf.de/zentrum-familienplanung";http://www.steglitz-zehlendorf.de/gesundheitsamt;"zur Zeit vorwiegend telefonische Beratungen mit Terminvereinbarungen";kostenfrei;Steglitz-Zehlendorf;"Gesundheit, Beratung"
163;"Zentrum für sexuelle Gesundheit und Familienplanung Charlottenburg-Wilmersdorf, Hohenzollerndann 174, 10713 Berlin";"Berlinpass-Inhaber*innen können die Kostenübernahme von Verhütungsmitteln prüfen lassen. Durchführung von kostenlosen HIV-Tests für Berlinpass-Inhaber*innen.";www.berlin.de/ba-charlottenburg-wilmersdorf/org/gesundheit/fachbereich_4.html;;kostenfrei;Charlottenburg-Wilmersdorf;"Gesundheit, Beratung"
166;"Zentrum für sexuelle Gesundheit und Familienplanung Friedrichshain-Kreuzberg, Urbanstraße 24, 10967 Berlin";"Berlinpass-Inhaber*innen können die Kostenübernahme von Verhütungsmitteln prüfen lassen. Der HIV-Test wird anonym und bei geringen Einkünften kostenfrei durchgeführt.";www.berlin.de/zentrum-urbanstrasse-fk;;kostenfrei;Friedrichshain-Kreuzberg;"Gesundheit, Beratung"
169;"Zentrum für sexuelle Gesundheit und Familienplanung Marzahn-Hellersdorf, Janusz-Korczak-Str. 32, 12627 Berlin";"Berlinpass-Inhaber*innen können die Kostenübernahme von Verhütungsmitteln prüfen lassen und Durchführung von anonymen und kostenlosen HIV-Tests.";www.berlin.de/ba-marzahn-hellersdorf/verwaltung/gesundheit/gesund5.html;;kostenfrei;Marzahn-Hellersdorf;"Gesundheit, Beratung"
172;"Zentrum für sexuelle Gesundheit und Familienplanung Mitte, Ruheplatzstr. 13, 13347 Berlin";"Berlinpass-Inhaber*innen können die Kostenübernahme von Verhütungsmitteln prüfen lassen. Ebenfalls werden kostenlos Abstriche auf sexuell übertragbare Infektionen wie Chlamydien, Gonorrhoe, Syphilis etc. angeboten.";https://www.berlin.de/ba-mitte/politik-und-verwaltung/aemter/gesundheitsamt/zentren/artikel.106172.php;;"kostenfrei nach Einkommensprüfung s. Webseite";Mitte;"Gesundheit, Beratung"
607;"Zeughauskino im Deutschen Historischen Museum";"ermäßigter Eintritt";https://www.dhm.de/zeughauskino/;;"Bei Vorlage des Berlinpasses erhalten Berlinpass-Inhaber*innen 50% Rabatt auf den Eintrittspreis. Bei regulären Vorführungen zahlen Berlinpass-Inhaber*innen somit 2,50 Euro, bei Sonderveranstaltungen liegt der ermäßigte Preis entsprechend höher.";Mitte;"Kultur, Museum & Ausstellung, Kino, Bildung, Geschichte"
889;"Zitadelle Spandau";"ermäßigter Eintritt";www.zitadelle-spandau.de;;"2,50 Euro";Spandau;"Museum & Ausstellung, Kultur, Geschichte, Bildung, Architektur"
961;"Zoo Berlin";"ermäßigter Tageseintritt bzw. ermäßigte Jahreskarten für Berlinpass-Inhaber*innen";www.zoo-berlin.de;keine;"siehe zoo-berlin.de/tickets";Charlottenburg-Wilmersdorf;"Natur & Erholung, Familie, Bildung, Museum & Ausstellung"
328;"„Stars in Concert“ im Estrel Festival Center";"Mittwoch bis Sonntag Sonderpreis 18 Euro (der Sonderpreis gilt nicht für Fremdveranstaltungen und ist nicht mit anderen Aktionen kombinierbar). Bitte Stichwort ""JugendKulturService"" angeben.";www.stars-in-concert.de/;"Das Angebot ist gültig bis 8. September 2023.";"18 Euro (s. Kurzbeschreibung des Angebots)";Neukölln;"Kultur, Konzert, Familie"
